<?xml version="1.0" encoding="ISO-8859-1"?>
<StyledLayerDescriptor version="1.0.0" xmlns="http://www.opengis.net/sld" xmlns:ogc="http://www.opengis.net/ogc"
  xmlns:xlink="http://www.w3.org/1999/xlink" xmlns:xsi="http://www.w3.org/2001/XMLSchema-instance"
  xsi:schemaLocation="http://www.opengis.net/sld http://schemas.opengis.net/sld/1.0.0/StyledLayerDescriptor.xsd">
	<NamedLayer>
		<Name>Kruinlijn</Name>
		<UserStyle>
			<Title>Visualisatie van de kruinlijn</Title>
			<Abstract>Deze stylesheet bevat de regels voor de visualisatie van de Kruinlijn voor verschillende objecttypen</Abstract>
			<FeatureTypeStyle>
				<Rule>
					<Name>0200-01-01-01</Name>
					<Title>Kruinlijn</Title>
					<MinScaleDenominator>0</MinScaleDenominator>
					<MaxScaleDenominator>1000</MaxScaleDenominator>
					<LineSymbolizer>
						<Stroke>
							<CssParameter name="stroke">#000000</CssParameter>
							<CssParameter name="stroke-width">1</CssParameter>
						</Stroke>
					</LineSymbolizer>
					<LineSymbolizer>
						<Stroke>
							<GraphicStroke>
								<Graphic>
									<Mark>
										<WellKnownName>triangle</WellKnownName>
										<Fill>
											<CssParameter name="fill">#0000000</CssParameter>
										</Fill>
									</Mark>
									<Size>10</Size>
									<Rotation>180</Rotation>
								</Graphic>
							</GraphicStroke>
						</Stroke>
					</LineSymbolizer>
				</Rule>
				<Rule>
					<Name>0200-01-02-01</Name>
					<Title>Kruinlijn</Title>
					<MinScaleDenominator>1001</MinScaleDenominator>
					<MaxScaleDenominator>5000</MaxScaleDenominator>
					<LineSymbolizer>
						<Stroke>
							<CssParameter name="stroke">#000000</CssParameter>
							<CssParameter name="stroke-width">1</CssParameter>
						</Stroke>
					</LineSymbolizer>
					<LineSymbolizer>
						<Stroke>
							<GraphicStroke>
								<Graphic>
									<Mark>
										<WellKnownName>triangle</WellKnownName>
										<Fill>
											<CssParameter name="fill">#0000000</CssParameter>
										</Fill>
									</Mark>
									<Size>3</Size>
									<Rotation>180</Rotation>
								</Graphic>
							</GraphicStroke>
						</Stroke>
					</LineSymbolizer>
				</Rule>
			</FeatureTypeStyle>
		</UserStyle>
	</NamedLayer>
</StyledLayerDescriptor>
