<?xml version="1.0" encoding="ISO-8859-1"?>
<StyledLayerDescriptor version="1.0.0" xmlns="http://www.opengis.net/sld" xmlns:ogc="http://www.opengis.net/ogc"
  xmlns:xlink="http://www.w3.org/1999/xlink" xmlns:xsi="http://www.w3.org/2001/XMLSchema-instance"
  xsi:schemaLocation="http://www.opengis.net/sld http://schemas.opengis.net/sld/1.0.0/StyledLayerDescriptor.xsd">
	<NamedLayer>
		<Name>Sensor</Name>
		<UserStyle>
			<Title>Visualisatie van de sensoren</Title>
			<Abstract>Deze stylesheet bevat de regels voor de visualisatie van het objecttype Sensor</Abstract>
      			<FeatureTypeStyle>
				<Rule>
					<Name>0107-01-00-01</Name>
					<Title>Camera</Title>
					<ogc:Filter>
						<ogc:PropertyIsEqualTo>
							<ogc:PropertyName>plus-type</ogc:PropertyName>
							<ogc:Literal>camera</ogc:Literal>
						</ogc:PropertyIsEqualTo>
					</ogc:Filter>
					<MinScaleDenominator>0</MinScaleDenominator>
					<MaxScaleDenominator>1000</MaxScaleDenominator>
					<PointSymbolizer>
						<Graphic>
							<ExternalGraphic>
								<OnlineResource xlink:type="simple" xlink:href="camera.svg"/>
								<Format>image/svg+xml</Format>
							</ExternalGraphic>
							<Size>25</Size>
						</Graphic>
					</PointSymbolizer>
				</Rule>
				<Rule>
					<Name>0107-02-00-01</Name>
					<Title>Debietmeter</Title>
					<ogc:Filter>
						<ogc:PropertyIsEqualTo>
							<ogc:PropertyName>plus-type</ogc:PropertyName>
							<ogc:Literal>debietmeter</ogc:Literal>
						</ogc:PropertyIsEqualTo>
					</ogc:Filter>
					<MinScaleDenominator>0</MinScaleDenominator>
					<MaxScaleDenominator>1000</MaxScaleDenominator>
					<PointSymbolizer>
						<Graphic>
							<ExternalGraphic>
								<OnlineResource xlink:type="simple" xlink:href="sensor.svg"/>
								<Format>image/svg+xml</Format>
							</ExternalGraphic>
							<Size>25</Size>
						</Graphic>
					</PointSymbolizer>
				</Rule>
				<Rule>
					<Name>0107-04-00-01</Name>
					<Title>Flitser</Title>
					<ogc:Filter>
						<ogc:PropertyIsEqualTo>
							<ogc:PropertyName>plus-type</ogc:PropertyName>
							<ogc:Literal>flitser</ogc:Literal>
						</ogc:PropertyIsEqualTo>
					</ogc:Filter>
					<MinScaleDenominator>0</MinScaleDenominator>
					<MaxScaleDenominator>1000</MaxScaleDenominator>
					<PointSymbolizer>
						<Graphic>
							<ExternalGraphic>
								<OnlineResource xlink:type="simple" xlink:href="sensor.svg"/>
								<Format>image/svg+xml</Format>
							</ExternalGraphic>
							<Size>25</Size>
						</Graphic>
					</PointSymbolizer>
				</Rule>
				<Rule>
					<Name>0107-05-00-01</Name>
					<Title>GMS-sensor</Title>
					<ogc:Filter>
						<ogc:PropertyIsEqualTo>
							<ogc:PropertyName>plus-type</ogc:PropertyName>
							<ogc:Literal>gms-sensor</ogc:Literal>
						</ogc:PropertyIsEqualTo>
					</ogc:Filter>
					<MinScaleDenominator>0</MinScaleDenominator>
					<MaxScaleDenominator>1000</MaxScaleDenominator>
					<PointSymbolizer>
						<Graphic>
							<ExternalGraphic>
								<OnlineResource xlink:type="simple" xlink:href="sensor.svg"/>
								<Format>image/svg+xml</Format>
							</ExternalGraphic>
							<Size>25</Size>
						</Graphic>
					</PointSymbolizer>
				</Rule>
				<Rule>
					<Name>0107-06-00-01</Name>
					<Title>Hoogtedetectieapparaat</Title>
					<ogc:Filter>
						<ogc:PropertyIsEqualTo>
							<ogc:PropertyName>plus-type</ogc:PropertyName>
							<ogc:Literal>hoogtedetectieapparaat</ogc:Literal>
						</ogc:PropertyIsEqualTo>
					</ogc:Filter>
					<MinScaleDenominator>0</MinScaleDenominator>
					<MaxScaleDenominator>1000</MaxScaleDenominator>
					<PointSymbolizer>
						<Graphic>
							<ExternalGraphic>
								<OnlineResource xlink:type="simple" xlink:href="sensor.svg"/>
								<Format>image/svg+xml</Format>
							</ExternalGraphic>
							<Size>25</Size>
						</Graphic>
					</PointSymbolizer>
				</Rule>
				<Rule>
					<Name>0107-07-00-01</Name>
					<Title>Lichtcel</Title>
					<ogc:Filter>
						<ogc:PropertyIsEqualTo>
							<ogc:PropertyName>plus-type</ogc:PropertyName>
							<ogc:Literal>lichtcel</ogc:Literal>
						</ogc:PropertyIsEqualTo>
					</ogc:Filter>
					<MinScaleDenominator>0</MinScaleDenominator>
					<MaxScaleDenominator>1000</MaxScaleDenominator>
					<PointSymbolizer>
						<Graphic>
							<ExternalGraphic>
								<OnlineResource xlink:type="simple" xlink:href="sensor.svg"/>
								<Format>image/svg+xml</Format>
							</ExternalGraphic>
							<Size>25</Size>
						</Graphic>
					</PointSymbolizer>
				</Rule>
				<Rule>
					<Name>0107-08-00-01</Name>
					<Title>Radardetector</Title>
					<ogc:Filter>
						<ogc:PropertyIsEqualTo>
							<ogc:PropertyName>plus-type</ogc:PropertyName>
							<ogc:Literal>radardetector</ogc:Literal>
						</ogc:PropertyIsEqualTo>
					</ogc:Filter>
					<MinScaleDenominator>0</MinScaleDenominator>
					<MaxScaleDenominator>1000</MaxScaleDenominator>
					<PointSymbolizer>
						<Graphic>
							<ExternalGraphic>
								<OnlineResource xlink:type="simple" xlink:href="sensor.svg"/>
								<Format>image/svg+xml</Format>
							</ExternalGraphic>
							<Size>25</Size>
						</Graphic>
					</PointSymbolizer>
				</Rule>
				<Rule>
					<Name>0107-09-00-01</Name>
					<Title>Waterstandmeter</Title>
					<ogc:Filter>
						<ogc:PropertyIsEqualTo>
							<ogc:PropertyName>plus-type</ogc:PropertyName>
							<ogc:Literal>waterstandmeter</ogc:Literal>
						</ogc:PropertyIsEqualTo>
					</ogc:Filter>
					<MinScaleDenominator>0</MinScaleDenominator>
					<MaxScaleDenominator>1000</MaxScaleDenominator>
					<PointSymbolizer>
						<Graphic>
							<ExternalGraphic>
								<OnlineResource xlink:type="simple" xlink:href="waterstandmeter.svg"/>
								<Format>image/svg+xml</Format>
							</ExternalGraphic>
							<Size>25</Size>
						</Graphic>
					</PointSymbolizer>
				</Rule>
				<Rule>
					<Name>0107-10-00-01</Name>
					<Title>Weerstation</Title>
					<ogc:Filter>
						<ogc:PropertyIsEqualTo>
							<ogc:PropertyName>plus-type</ogc:PropertyName>
							<ogc:Literal>weerstation</ogc:Literal>
						</ogc:PropertyIsEqualTo>
					</ogc:Filter>
					<MinScaleDenominator>0</MinScaleDenominator>
					<MaxScaleDenominator>1000</MaxScaleDenominator>
					<PointSymbolizer>
						<Graphic>
							<ExternalGraphic>
								<OnlineResource xlink:type="simple" xlink:href="weerstation.svg"/>
								<Format>image/svg+xml</Format>
							</ExternalGraphic>
							<Size>25</Size>
						</Graphic>
					</PointSymbolizer>
				</Rule>
				<Rule>
					<Name>0107-11-00-01</Name>
					<Title>Windmeter</Title>
					<ogc:Filter>
						<ogc:PropertyIsEqualTo>
							<ogc:PropertyName>plus-type</ogc:PropertyName>
							<ogc:Literal>windmeter</ogc:Literal>
						</ogc:PropertyIsEqualTo>
					</ogc:Filter>
					<MinScaleDenominator>0</MinScaleDenominator>
					<MaxScaleDenominator>1000</MaxScaleDenominator>
					<PointSymbolizer>
						<Graphic>
							<ExternalGraphic>
								<OnlineResource xlink:type="simple" xlink:href="windmeter.svg"/>
								<Format>image/svg+xml</Format>
							</ExternalGraphic>
							<Size>25</Size>
						</Graphic>
					</PointSymbolizer>
				</Rule>
			</FeatureTypeStyle>
		</UserStyle>
	</NamedLayer>
</StyledLayerDescriptor>
