<?xml version="1.0" encoding="ISO-8859-1"?>
<StyledLayerDescriptor version="1.0.0" xmlns="http://www.opengis.net/sld" xmlns:ogc="http://www.opengis.net/ogc"
  xmlns:xlink="http://www.w3.org/1999/xlink" xmlns:xsi="http://www.w3.org/2001/XMLSchema-instance"
  xsi:schemaLocation="http://www.opengis.net/sld http://schemas.opengis.net/sld/1.0.0/StyledLayerDescriptor.xsd">
	<NamedLayer>
		<Name>VegetatieObject</Name>
		<UserStyle>
			<Title>Visualisatie van de vegetatie-objecten</Title>
			<Abstract>Deze stylesheet bevat de regels voor de visualisatie van het objecttype VegetatieObject</Abstract>
			<FeatureTypeStyle>
				<Rule>
					<Name>0120-01-01-01</Name>
					<Title>Boom</Title>
					<ogc:Filter>
						<ogc:PropertyIsEqualTo>
							<ogc:PropertyName>plus-type</ogc:PropertyName>
							<ogc:Literal>boom</ogc:Literal>
						</ogc:PropertyIsEqualTo>
					</ogc:Filter>
					<MinScaleDenominator>0</MinScaleDenominator>
					<MaxScaleDenominator>1000</MaxScaleDenominator>
					<PointSymbolizer>
						<Graphic>
							<Mark>
								<WellKnownName>circle</WellKnownName>
								<Fill>
									<CssParameter name="fill">#8ca800</CssParameter>
								</Fill>
								<Stroke>
									<CssParameter name="stroke">#535353</CssParameter>
									<CssParameter name="stroke-width">1</CssParameter>
								</Stroke>
							</Mark>
							<Size>10</Size>
						</Graphic>
					</PointSymbolizer>
				</Rule>
				<Rule>
					<Name>0120-01-02-01</Name>
					<Title>Boom</Title>
					<ogc:Filter>
						<ogc:PropertyIsEqualTo>
							<ogc:PropertyName>plus-type</ogc:PropertyName>
							<ogc:Literal>boom</ogc:Literal>
						</ogc:PropertyIsEqualTo>
					</ogc:Filter>
					<MinScaleDenominator>1001</MinScaleDenominator>
					<MaxScaleDenominator>5000</MaxScaleDenominator>
					<PointSymbolizer>
						<Graphic>
							<Mark>
								<WellKnownName>circle</WellKnownName>
								<Fill>
									<CssParameter name="fill">#8ca800</CssParameter>
								</Fill>
								<Stroke>
									<CssParameter name="stroke">#535353</CssParameter>
									<CssParameter name="stroke-width">1</CssParameter>
								</Stroke>
							</Mark>
							<Size>5</Size>
						</Graphic>
					</PointSymbolizer>
				</Rule>
			</FeatureTypeStyle>
		</UserStyle>
	</NamedLayer>
</StyledLayerDescriptor>
