<?xml version="1.0" encoding="ISO-8859-1"?>
<StyledLayerDescriptor version="1.0.0" xmlns="http://www.opengis.net/sld" xmlns:ogc="http://www.opengis.net/ogc"
  xmlns:xlink="http://www.w3.org/1999/xlink" xmlns:xsi="http://www.w3.org/2001/XMLSchema-instance"
  xsi:schemaLocation="http://www.opengis.net/sld http://schemas.opengis.net/sld/1.0.0/StyledLayerDescriptor.xsd">
	<NamedLayer>
		<Name>Put</Name>
		<UserStyle>
			<Title>Visualisatie van de putten</Title>
			<Abstract>Deze stylesheet bevat de regels voor de visualisatie van het objecttype Put</Abstract>
      			<FeatureTypeStyle>
				<Rule>
					<Name>0106-01-00-01</Name>
					<Title>Benzine- / olieput</Title>
					<ogc:Filter>
						<ogc:PropertyIsEqualTo>
							<ogc:PropertyName>plus-type</ogc:PropertyName>
							<ogc:Literal>benzine- / olieput</ogc:Literal>
						</ogc:PropertyIsEqualTo>
					</ogc:Filter>
					<MinScaleDenominator>0</MinScaleDenominator>
					<MaxScaleDenominator>1000</MaxScaleDenominator>
					<PointSymbolizer>
						<Graphic>
							<ExternalGraphic>
								<OnlineResource xlink:type="simple" xlink:href="put.svg"/>
								<Format>image/svg+xml</Format>
							</ExternalGraphic>
							<Size>25</Size>
						</Graphic>
					</PointSymbolizer>
				</Rule>
				<Rule>
					<Name>0106-02-00-01</Name>
					<Title>Brandweerkraan / -put</Title>
					<ogc:Filter>
						<ogc:PropertyIsEqualTo>
							<ogc:PropertyName>plus-type</ogc:PropertyName>
							<ogc:Literal>brandweerkraan / -put</ogc:Literal>
						</ogc:PropertyIsEqualTo>
					</ogc:Filter>
					<MinScaleDenominator>0</MinScaleDenominator>
					<MaxScaleDenominator>1000</MaxScaleDenominator>
					<PointSymbolizer>
						<Graphic>
							<ExternalGraphic>
								<OnlineResource xlink:type="simple" xlink:href="put.svg"/>
								<Format>image/svg+xml</Format>
							</ExternalGraphic>
							<Size>25</Size>
						</Graphic>
					</PointSymbolizer>
				</Rule>
				<Rule>
					<Name>0106-03-00-01</Name>
					<Title>Drainageput</Title>
					<ogc:Filter>
						<ogc:PropertyIsEqualTo>
							<ogc:PropertyName>plus-type</ogc:PropertyName>
							<ogc:Literal>drainageput</ogc:Literal>
						</ogc:PropertyIsEqualTo>
					</ogc:Filter>
					<MinScaleDenominator>0</MinScaleDenominator>
					<MaxScaleDenominator>1000</MaxScaleDenominator>
					<PointSymbolizer>
						<Graphic>
							<ExternalGraphic>
								<OnlineResource xlink:type="simple" xlink:href="put.svg"/>
								<Format>image/svg+xml</Format>
							</ExternalGraphic>
							<Size>25</Size>
						</Graphic>
					</PointSymbolizer>
				</Rule>
				<Rule>
					<Name>0106-04-00-01</Name>
					<Title>Gasput</Title>
					<ogc:Filter>
						<ogc:PropertyIsEqualTo>
							<ogc:PropertyName>plus-type</ogc:PropertyName>
							<ogc:Literal>gasput</ogc:Literal>
						</ogc:PropertyIsEqualTo>
					</ogc:Filter>
					<MinScaleDenominator>0</MinScaleDenominator>
					<MaxScaleDenominator>1000</MaxScaleDenominator>
					<PointSymbolizer>
						<Graphic>
							<ExternalGraphic>
								<OnlineResource xlink:type="simple" xlink:href="put.svg"/>
								<Format>image/svg+xml</Format>
							</ExternalGraphic>
							<Size>25</Size>
						</Graphic>
					</PointSymbolizer>
				</Rule>
				<Rule>
					<Name>0106-05-00-01</Name>
					<Title>Inspectie- / rioolput</Title>
					<ogc:Filter>
						<ogc:PropertyIsEqualTo>
							<ogc:PropertyName>plus-type</ogc:PropertyName>
							<ogc:Literal>inspectie- / rioolput</ogc:Literal>
						</ogc:PropertyIsEqualTo>
					</ogc:Filter>
					<MinScaleDenominator>0</MinScaleDenominator>
					<MaxScaleDenominator>1000</MaxScaleDenominator>
					<PointSymbolizer>
						<Graphic>
							<ExternalGraphic>
								<OnlineResource xlink:type="simple" xlink:href="put.svg"/>
								<Format>image/svg+xml</Format>
							</ExternalGraphic>
							<Size>25</Size>
						</Graphic>
					</PointSymbolizer>
				</Rule>
				<Rule>
					<Name>0106-06-00-01</Name>
					<Title>Kolk</Title>
					<ogc:Filter>
						<ogc:PropertyIsEqualTo>
							<ogc:PropertyName>plus-type</ogc:PropertyName>
							<ogc:Literal>kolk</ogc:Literal>
						</ogc:PropertyIsEqualTo>
					</ogc:Filter>
					<MinScaleDenominator>0</MinScaleDenominator>
					<MaxScaleDenominator>1000</MaxScaleDenominator>
					<PointSymbolizer>
						<Graphic>
							<ExternalGraphic>
								<OnlineResource xlink:type="simple" xlink:href="put.svg"/>
								<Format>image/svg+xml</Format>
							</ExternalGraphic>
							<Size>25</Size>
						</Graphic>
					</PointSymbolizer>
				</Rule>
				<Rule>
					<Name>0106-07-00-01</Name>
					<Title>Waterleidingput</Title>
					<ogc:Filter>
						<ogc:PropertyIsEqualTo>
							<ogc:PropertyName>plus-type</ogc:PropertyName>
							<ogc:Literal>waterleidingput</ogc:Literal>
						</ogc:PropertyIsEqualTo>
					</ogc:Filter>
					<MinScaleDenominator>0</MinScaleDenominator>
					<MaxScaleDenominator>1000</MaxScaleDenominator>
					<PointSymbolizer>
						<Graphic>
							<ExternalGraphic>
								<OnlineResource xlink:type="simple" xlink:href="put.svg"/>
								<Format>image/svg+xml</Format>
							</ExternalGraphic>
							<Size>25</Size>
						</Graphic>
					</PointSymbolizer>
				</Rule>
			</FeatureTypeStyle>
		</UserStyle>
	</NamedLayer>
</StyledLayerDescriptor>
