<?xml version="1.0" encoding="ISO-8859-1"?>
<StyledLayerDescriptor version="1.0.0" xmlns="http://www.opengis.net/sld" xmlns:ogc="http://www.opengis.net/ogc"
  xmlns:xlink="http://www.w3.org/1999/xlink" xmlns:xsi="http://www.w3.org/2001/XMLSchema-instance"
  xsi:schemaLocation="http://www.opengis.net/sld http://schemas.opengis.net/sld/1.0.0/StyledLayerDescriptor.xsd">
	<NamedLayer>
		<Name>Mast</Name>
		<UserStyle>
			<Title>Visualisatie van de masten</Title>
			<Abstract>Deze stylesheet bevat de regels voor de visualisatie van het objecttype Mast</Abstract>
      			<FeatureTypeStyle>
				<Rule>
					<Name>0104-01-00-01</Name>
					<Title>Bovenleidingmast</Title>
					<ogc:Filter>
						<ogc:PropertyIsEqualTo>
							<ogc:PropertyName>plus-type</ogc:PropertyName>
							<ogc:Literal>bovenleidingmast</ogc:Literal>
						</ogc:PropertyIsEqualTo>
					</ogc:Filter>
					<MinScaleDenominator>0</MinScaleDenominator>
					<MaxScaleDenominator>1000</MaxScaleDenominator>
					<PointSymbolizer>
						<Graphic>
							<ExternalGraphic>
								<OnlineResource xlink:type="simple" xlink:href="mast.svg"/>
								<Format>image/svg+xml</Format>
							</ExternalGraphic>
							<Size>25</Size>
						</Graphic>
					</PointSymbolizer>
				</Rule>
				<Rule>
					<Name>0104-02-00-01</Name>
					<Title>Laagspanningsmast</Title>
					<ogc:Filter>
						<ogc:PropertyIsEqualTo>
							<ogc:PropertyName>plus-type</ogc:PropertyName>
							<ogc:Literal>laagspanningsmast</ogc:Literal>
						</ogc:PropertyIsEqualTo>
					</ogc:Filter>
					<MinScaleDenominator>0</MinScaleDenominator>
					<MaxScaleDenominator>1000</MaxScaleDenominator>
					<PointSymbolizer>
						<Graphic>
							<ExternalGraphic>
								<OnlineResource xlink:type="simple" xlink:href="mast.svg"/>
								<Format>image/svg+xml</Format>
							</ExternalGraphic>
							<Size>25</Size>
						</Graphic>
					</PointSymbolizer>
				</Rule>
				<Rule>
					<Name>0104-03-00-01</Name>
					<Title>Radarmast</Title>
					<ogc:Filter>
						<ogc:PropertyIsEqualTo>
							<ogc:PropertyName>plus-type</ogc:PropertyName>
							<ogc:Literal>radarmast</ogc:Literal>
						</ogc:PropertyIsEqualTo>
					</ogc:Filter>
					<MinScaleDenominator>0</MinScaleDenominator>
					<MaxScaleDenominator>1000</MaxScaleDenominator>
					<PointSymbolizer>
						<Graphic>
							<ExternalGraphic>
								<OnlineResource xlink:type="simple" xlink:href="mast.svg"/>
								<Format>image/svg+xml</Format>
							</ExternalGraphic>
							<Size>25</Size>
						</Graphic>
					</PointSymbolizer>
				</Rule>
				<Rule>
					<Name>0104-04-00-01</Name>
					<Title>Straalzender</Title>
					<ogc:Filter>
						<ogc:PropertyIsEqualTo>
							<ogc:PropertyName>plus-type</ogc:PropertyName>
							<ogc:Literal>straalzender</ogc:Literal>
						</ogc:PropertyIsEqualTo>
					</ogc:Filter>
					<MinScaleDenominator>0</MinScaleDenominator>
					<MaxScaleDenominator>1000</MaxScaleDenominator>
					<PointSymbolizer>
						<Graphic>
							<ExternalGraphic>
								<OnlineResource xlink:type="simple" xlink:href="mast.svg"/>
								<Format>image/svg+xml</Format>
							</ExternalGraphic>
							<Size>25</Size>
						</Graphic>
					</PointSymbolizer>
				</Rule>
				<Rule>
					<Name>0104-05-00-01</Name>
					<Title>Zendmast</Title>
					<ogc:Filter>
						<ogc:PropertyIsEqualTo>
							<ogc:PropertyName>plus-type</ogc:PropertyName>
							<ogc:Literal>zendmast</ogc:Literal>
						</ogc:PropertyIsEqualTo>
					</ogc:Filter>
					<MinScaleDenominator>0</MinScaleDenominator>
					<MaxScaleDenominator>1000</MaxScaleDenominator>
					<PointSymbolizer>
						<Graphic>
							<ExternalGraphic>
								<OnlineResource xlink:type="simple" xlink:href="mast.svg"/>
								<Format>image/svg+xml</Format>
							</ExternalGraphic>
							<Size>25</Size>
						</Graphic>
					</PointSymbolizer>
				</Rule>
			</FeatureTypeStyle>
		</UserStyle>
	</NamedLayer>
</StyledLayerDescriptor>
