<?xml version="1.0" encoding="ISO-8859-1"?>
<StyledLayerDescriptor version="1.0.0" xmlns="http://www.opengis.net/sld" xmlns:ogc="http://www.opengis.net/ogc"
  xmlns:xlink="http://www.w3.org/1999/xlink" xmlns:xsi="http://www.w3.org/2001/XMLSchema-instance"
  xsi:schemaLocation="http://www.opengis.net/sld http://schemas.opengis.net/sld/1.0.0/StyledLayerDescriptor.xsd">
	<NamedLayer>
		<Name>Waterinrichtingselement</Name>
		<UserStyle>
			<Title>Visualisatie van de waterinrichtingselementen</Title>
			<Abstract>Deze stylesheet bevat de regels voor de visualisatie van het objecttype Waterinrichtingselement</Abstract>
				<FeatureTypeStyle>
				<Rule>
					<Name>0109-02-01-01</Name>
					<Title>Geleidewerk</Title>
					<ogc:Filter>
						<ogc:PropertyIsEqualTo>
							<ogc:PropertyName>plus-type</ogc:PropertyName>
							<ogc:Literal>geleidewerk</ogc:Literal>
						</ogc:PropertyIsEqualTo>
					</ogc:Filter>
					<MinScaleDenominator>0</MinScaleDenominator>
					<MaxScaleDenominator>1000</MaxScaleDenominator>
					<LineSymbolizer>
						<Stroke>
							<CssParameter name="stroke">#000000</CssParameter>
							<CssParameter name="stroke-width">2</CssParameter>
						</Stroke>
					</LineSymbolizer>
					<TextSymbolizer>
						<Label><![CDATA[ ]]></Label>
						<LabelPlacement>
							<LinePlacement />
						</LabelPlacement>
						<Graphic>
							<ExternalGraphic>
								<OnlineResource xlink:type="simple" xlink:href="geleidewerk.svg"/>
								<Format>image/svg+xml</Format>
							</ExternalGraphic>
						</Graphic>
					</TextSymbolizer>
				</Rule>
				<Rule>
					<Name>0109-02-02-01</Name>
					<Title>Geleidewerk</Title>
					<ogc:Filter>
						<ogc:PropertyIsEqualTo>
							<ogc:PropertyName>plus-type</ogc:PropertyName>
							<ogc:Literal>geleidewerk</ogc:Literal>
						</ogc:PropertyIsEqualTo>
					</ogc:Filter>
					<MinScaleDenominator>1001</MinScaleDenominator>
					<MaxScaleDenominator>5000</MaxScaleDenominator>
					<LineSymbolizer>
						<Stroke>
							<CssParameter name="stroke">#000000</CssParameter>
							<CssParameter name="stroke-width">2</CssParameter>
						</Stroke>
					</LineSymbolizer>
				</Rule>
				<Rule>
					<Name>0109-05-01-01</Name>
					<Title>Remmingswerk</Title>
					<ogc:Filter>
						<ogc:PropertyIsEqualTo>
							<ogc:PropertyName>plus-type</ogc:PropertyName>
							<ogc:Literal>remmingswerk</ogc:Literal>
						</ogc:PropertyIsEqualTo>
					</ogc:Filter>
					<MinScaleDenominator>0</MinScaleDenominator>
					<MaxScaleDenominator>1000</MaxScaleDenominator>
					<LineSymbolizer>
						<Stroke>
							<CssParameter name="stroke">#000000</CssParameter>
							<CssParameter name="stroke-width">2</CssParameter>
						</Stroke>
					</LineSymbolizer>
					<TextSymbolizer>
						<Label><![CDATA[ ]]></Label>
						<LabelPlacement>
							<LinePlacement />
						</LabelPlacement>
						<Graphic>
							<ExternalGraphic>
								<OnlineResource xlink:type="simple" xlink:href="remmingswerk.svg"/>
								<Format>image/svg+xml</Format>
							</ExternalGraphic>
						</Graphic>
					</TextSymbolizer>
				</Rule>
				<Rule>
					<Name>0109-05-02-01</Name>
					<Title>Remmingswerk</Title>
					<ogc:Filter>
						<ogc:PropertyIsEqualTo>
							<ogc:PropertyName>plus-type</ogc:PropertyName>
							<ogc:Literal>remmingswerk</ogc:Literal>
						</ogc:PropertyIsEqualTo>
					</ogc:Filter>
					<MinScaleDenominator>1001</MinScaleDenominator>
					<MaxScaleDenominator>5000</MaxScaleDenominator>
					<LineSymbolizer>
						<Stroke>
							<CssParameter name="stroke">#000000</CssParameter>
							<CssParameter name="stroke-width">2</CssParameter>
						</Stroke>
					</LineSymbolizer>
				</Rule>
				<Rule>
					<Name>0109-06-01-01</Name>
					<Title>Vuilvang</Title>
					<ogc:Filter>
						<ogc:PropertyIsEqualTo>
							<ogc:PropertyName>plus-type</ogc:PropertyName>
							<ogc:Literal>vuilvang</ogc:Literal>
						</ogc:PropertyIsEqualTo>
					</ogc:Filter>
					<MinScaleDenominator>0</MinScaleDenominator>
					<MaxScaleDenominator>1000</MaxScaleDenominator>
					<LineSymbolizer>
						<Stroke>
							<CssParameter name="stroke">#000000</CssParameter>
							<CssParameter name="stroke-width">2</CssParameter>
						</Stroke>
					</LineSymbolizer>
					<TextSymbolizer>
						<Label><![CDATA[ ]]></Label>
						<LabelPlacement>
							<LinePlacement />
						</LabelPlacement>
						<Graphic>
							<ExternalGraphic>
								<OnlineResource xlink:type="simple" xlink:href="vuilvang.svg"/>
								<Format>image/svg+xml</Format>
							</ExternalGraphic>
						</Graphic>
					</TextSymbolizer>
				</Rule>
				<Rule>
					<Name>0109-06-02-01</Name>
					<Title>Vuilvang</Title>
					<ogc:Filter>
						<ogc:PropertyIsEqualTo>
							<ogc:PropertyName>plus-type</ogc:PropertyName>
							<ogc:Literal>vuilvang</ogc:Literal>
						</ogc:PropertyIsEqualTo>
					</ogc:Filter>
					<MinScaleDenominator>1001</MinScaleDenominator>
					<MaxScaleDenominator>5000</MaxScaleDenominator>
					<LineSymbolizer>
						<Stroke>
							<CssParameter name="stroke">#000000</CssParameter>
							<CssParameter name="stroke-width">2</CssParameter>
						</Stroke>
					</LineSymbolizer>
				</Rule>
			</FeatureTypeStyle>
		</UserStyle>
	</NamedLayer>
</StyledLayerDescriptor>
