<?xml version="1.0" encoding="ISO-8859-1"?>
<StyledLayerDescriptor version="1.0.0" xmlns="http://www.opengis.net/sld" xmlns:ogc="http://www.opengis.net/ogc"
  xmlns:xlink="http://www.w3.org/1999/xlink" xmlns:xsi="http://www.w3.org/2001/XMLSchema-instance"
  xsi:schemaLocation="http://www.opengis.net/sld http://schemas.opengis.net/sld/1.0.0/StyledLayerDescriptor.xsd">
	<NamedLayer>
		<Name>VegetatieObject</Name>
		<UserStyle>
			<Title>Visualisatie van de vegetatie-objecten</Title>
			<Abstract>Deze stylesheet bevat de regels voor de visualisatie van het objecttype VegetatieObject</Abstract>
			<FeatureTypeStyle>
				<Rule>
					<Name>0120-02-00-01</Name>
					<Title>Haag</Title>
					<ogc:Filter>
						<ogc:PropertyIsEqualTo>
							<ogc:PropertyName>plus-type</ogc:PropertyName>
							<ogc:Literal>haag</ogc:Literal>
						</ogc:PropertyIsEqualTo>
					</ogc:Filter>
					<MinScaleDenominator>0</MinScaleDenominator>
					<MaxScaleDenominator>5000</MaxScaleDenominator>
					<LineSymbolizer>
						<Stroke>
							<CssParameter name="stroke">#535353</CssParameter>
							<CssParameter name="stroke-width">2</CssParameter>
						</Stroke>
					</LineSymbolizer>
				</Rule>
			</FeatureTypeStyle>
			<FeatureTypeStyle>
				<Rule>
					<Name>0120-02-00-02</Name>
					<Title>Haag</Title>
					<ogc:Filter>
						<ogc:PropertyIsEqualTo>
							<ogc:PropertyName>plus-type</ogc:PropertyName>
							<ogc:Literal>haag</ogc:Literal>
						</ogc:PropertyIsEqualTo>
					</ogc:Filter>
					<MinScaleDenominator>0</MinScaleDenominator>
					<MaxScaleDenominator>5000</MaxScaleDenominator>
					<LineSymbolizer>
						<Stroke>
							<CssParameter name="stroke">#8ca800</CssParameter>
							<CssParameter name="stroke-width">1</CssParameter>
						</Stroke>
					</LineSymbolizer>
				</Rule>
			</FeatureTypeStyle>
		</UserStyle>
	</NamedLayer>
</StyledLayerDescriptor>
