<?xml version="1.0" encoding="ISO-8859-1"?>
<StyledLayerDescriptor version="1.0.0" xmlns="http://www.opengis.net/sld" xmlns:ogc="http://www.opengis.net/ogc"
  xmlns:xlink="http://www.w3.org/1999/xlink" xmlns:xsi="http://www.w3.org/2001/XMLSchema-instance"
  xsi:schemaLocation="http://www.opengis.net/sld http://schemas.opengis.net/sld/1.0.0/StyledLayerDescriptor.xsd">
	<NamedLayer>
		<Name>Nummeraanduidingsreeks</Name>
		<UserStyle>
			<Title>Visualisatie van de nummeraanduidingsreeks</Title>
			<Abstract>Deze stylesheet bevat de regels voor de visualisatie van het objecttype Nummeraanduidingsreeks</Abstract>
			<FeatureTypeStyle>
				<Rule>
					<Name>0070-02-01-01</Name>
					<Title>Individuele huisnummers</Title>
					<ogc:Filter>
						<ogc:PropertyIsNull>
							<ogc:PropertyName>identificatieBAGVBOHoogsteHuisnummer</ogc:PropertyName>
						</ogc:PropertyIsNull>
					</ogc:Filter>
					<MinScaleDenominator>0</MinScaleDenominator>
					<MaxScaleDenominator>1000</MaxScaleDenominator>
					<TextSymbolizer>
						<Label>
							<ogc:PropertyName>identificatieBAGVBOLaagsteHuisnummer</ogc:PropertyName>
						</Label>
						<Font>
							<CssParameter name="font-family">RijksoverheidSansTextTT</CssParameter>
							<CssParameter name="font-size">10</CssParameter>
						</Font>
						<LabelPlacement>
							<PointPlacement>
								<AnchorPoint>
									<AnchorPointX>0.5</AnchorPointX>
									<AnchorPointY>0.5</AnchorPointY>
								</AnchorPoint>
								<Rotation>
									<ogc:PropertyName>hoek</ogc:PropertyName>
								</Rotation>
							</PointPlacement>
						</LabelPlacement>
						<Fill>
							<CssParameter name="fill">#000000</CssParameter>
						</Fill>
					</TextSymbolizer>
				</Rule>
				<Rule>
					<Name>0070-02-02-01</Name>
					<Title>Huisnummerreeks</Title>
					<ElseFilter />
					<MinScaleDenominator>0</MinScaleDenominator>
					<MaxScaleDenominator>1000</MaxScaleDenominator>
					<TextSymbolizer>
						<Label>
							<ogc:PropertyName>identificatieBAGVBOLaagsteHuisnummer</ogc:PropertyName> - <ogc:PropertyName>identificatieBAGVBOHoogsteHuisnummer</ogc:PropertyName>
						</Label>
						<Font>
							<CssParameter name="font-family">RijksoverheidSansTextTT</CssParameter>
							<CssParameter name="font-size">10</CssParameter>
						</Font>
						<LabelPlacement>
							<PointPlacement>
								<AnchorPoint>
									<AnchorPointX>0.5</AnchorPointX>
									<AnchorPointY>0.5</AnchorPointY>
								</AnchorPoint>
								<Rotation>
									<ogc:PropertyName>hoek</ogc:PropertyName>
								</Rotation>
							</PointPlacement>
						</LabelPlacement>
						<Fill>
							<CssParameter name="fill">#000000</CssParameter>
						</Fill>
					</TextSymbolizer>
				</Rule>
			</FeatureTypeStyle>
		</UserStyle>
	</NamedLayer>
</StyledLayerDescriptor>
