"Blad","MinX","MinY","MaxX","MaxY","Width","Height",,"ResX","ResY"
"1600-71EN.tif",120000,618750,130000,625000,16000,10000,,0.625,0.625
"1600-71EZ.tif",120000,612500,130000,618750,16000,10000,,0.625,0.625
"1600-71FN.tif",130000,618750,140000,625000,16000,10000,,0.625,0.625
"1600-71FZ.tif",130000,612500,140000,618750,16000,10000,,0.625,0.625
"1600-71GN.tif",120000,606250,130000,612500,16000,10000,,0.625,0.625
"1600-71GZ.tif",120000,600000,130000,606250,16000,10000,,0.625,0.625
"1600-71HN.tif",130000,606250,140000,612500,16000,10000,,0.625,0.625
"1600-71HZ.tif",130000,600000,140000,606250,16000,10000,,0.625,0.625
"1600-01AN.tif",140000,618750,150000,625000,16000,10000,,0.625,0.625
"1600-01AZ.tif",140000,612500,150000,618750,16000,10000,,0.625,0.625
"1600-01BN.tif",150000,618750,160000,625000,16000,10000,,0.625,0.625
"1600-01BZ.tif",150000,612500,160000,618750,16000,10000,,0.625,0.625
"1600-01CN.tif",140000,606250,150000,612500,16000,10000,,0.625,0.625
"1600-01CZ.tif",140000,600000,150000,606250,16000,10000,,0.625,0.625
"1600-01DN.tif",150000,606250,160000,612500,16000,10000,,0.625,0.625
"1600-01DZ.tif",150000,600000,160000,606250,16000,10000,,0.625,0.625
"1600-01EN.tif",160000,618750,170000,625000,16000,10000,,0.625,0.625
"1600-01EZ.tif",160000,612500,170000,618750,16000,10000,,0.625,0.625
"1600-01FN.tif",170000,618750,180000,625000,16000,10000,,0.625,0.625
"1600-01FZ.tif",170000,612500,180000,618750,16000,10000,,0.625,0.625
"1600-01GN.tif",160000,606250,170000,612500,16000,10000,,0.625,0.625
"1600-01GZ.tif",160000,600000,170000,606250,16000,10000,,0.625,0.625
"1600-01HN.tif",170000,606250,180000,612500,16000,10000,,0.625,0.625
"1600-01HZ.tif",170000,600000,180000,606250,16000,10000,,0.625,0.625
"1600-02AN.tif",180000,618750,190000,625000,16000,10000,,0.625,0.625
"1600-02AZ.tif",180000,612500,190000,618750,16000,10000,,0.625,0.625
"1600-02BN.tif",190000,618750,200000,625000,16000,10000,,0.625,0.625
"1600-02BZ.tif",190000,612500,200000,618750,16000,10000,,0.625,0.625
"1600-02CN.tif",180000,606250,190000,612500,16000,10000,,0.625,0.625
"1600-02CZ.tif",180000,600000,190000,606250,16000,10000,,0.625,0.625
"1600-02DN.tif",190000,606250,200000,612500,16000,10000,,0.625,0.625
"1600-02DZ.tif",190000,600000,200000,606250,16000,10000,,0.625,0.625
"1600-02EN.tif",200000,618750,210000,625000,16000,10000,,0.625,0.625
"1600-02EZ.tif",200000,612500,210000,618750,16000,10000,,0.625,0.625
"1600-02FN.tif",210000,618750,220000,625000,16000,10000,,0.625,0.625
"1600-02FZ.tif",210000,612500,220000,618750,16000,10000,,0.625,0.625
"1600-02GN.tif",200000,606250,210000,612500,16000,10000,,0.625,0.625
"1600-02GZ.tif",200000,600000,210000,606250,16000,10000,,0.625,0.625
"1600-02HN.tif",210000,606250,220000,612500,16000,10000,,0.625,0.625
"1600-02HZ.tif",210000,600000,220000,606250,16000,10000,,0.625,0.625
"1600-03AN.tif",220000,618750,230000,625000,16000,10000,,0.625,0.625
"1600-03AZ.tif",220000,612500,230000,618750,16000,10000,,0.625,0.625
"1600-03BN.tif",230000,618750,240000,625000,16000,10000,,0.625,0.625
"1600-03BZ.tif",230000,612500,240000,618750,16000,10000,,0.625,0.625
"1600-03CN.tif",220000,606250,230000,612500,16000,10000,,0.625,0.625
"1600-03CZ.tif",220000,600000,230000,606250,16000,10000,,0.625,0.625
"1600-03DN.tif",230000,606250,240000,612500,16000,10000,,0.625,0.625
"1600-03DZ.tif",230000,600000,240000,606250,16000,10000,,0.625,0.625
"1600-03EN.tif",240000,618750,250000,625000,16000,10000,,0.625,0.625
"1600-03EZ.tif",240000,612500,250000,618750,16000,10000,,0.625,0.625
"1600-03FN.tif",250000,618750,260000,625000,16000,10000,,0.625,0.625
"1600-03FZ.tif",250000,612500,260000,618750,16000,10000,,0.625,0.625
"1600-03GN.tif",240000,606250,250000,612500,16000,10000,,0.625,0.625
"1600-03GZ.tif",240000,600000,250000,606250,16000,10000,,0.625,0.625
"1600-03HN.tif",250000,606250,260000,612500,16000,10000,,0.625,0.625
"1600-03HZ.tif",250000,600000,260000,606250,16000,10000,,0.625,0.625
"1600-78AN.tif",260000,618750,270000,625000,16000,10000,,0.625,0.625
"1600-78AZ.tif",260000,612500,270000,618750,16000,10000,,0.625,0.625
"1600-78BN.tif",270000,618750,280000,625000,16000,10000,,0.625,0.625
"1600-78BZ.tif",270000,612500,280000,618750,16000,10000,,0.625,0.625
"1600-78CN.tif",260000,606250,270000,612500,16000,10000,,0.625,0.625
"1600-78CZ.tif",260000,600000,270000,606250,16000,10000,,0.625,0.625
"1600-78DN.tif",270000,606250,280000,612500,16000,10000,,0.625,0.625
"1600-78DZ.tif",270000,600000,280000,606250,16000,10000,,0.625,0.625
"1600-04AN.tif",100000,593750,110000,600000,16000,10000,,0.625,0.625
"1600-04AZ.tif",100000,587500,110000,593750,16000,10000,,0.625,0.625
"1600-04BN.tif",110000,593750,120000,600000,16000,10000,,0.625,0.625
"1600-04BZ.tif",110000,587500,120000,593750,16000,10000,,0.625,0.625
"1600-04CN.tif",100000,581250,110000,587500,16000,10000,,0.625,0.625
"1600-04CZ.tif",100000,575000,110000,581250,16000,10000,,0.625,0.625
"1600-04DN.tif",110000,581250,120000,587500,16000,10000,,0.625,0.625
"1600-04DZ.tif",110000,575000,120000,581250,16000,10000,,0.625,0.625
"1600-04EN.tif",120000,593750,130000,600000,16000,10000,,0.625,0.625
"1600-04EZ.tif",120000,587500,130000,593750,16000,10000,,0.625,0.625
"1600-04FN.tif",130000,593750,140000,600000,16000,10000,,0.625,0.625
"1600-04FZ.tif",130000,587500,140000,593750,16000,10000,,0.625,0.625
"1600-04GN.tif",120000,581250,130000,587500,16000,10000,,0.625,0.625
"1600-04GZ.tif",120000,575000,130000,581250,16000,10000,,0.625,0.625
"1600-04HN.tif",130000,581250,140000,587500,16000,10000,,0.625,0.625
"1600-04HZ.tif",130000,575000,140000,581250,16000,10000,,0.625,0.625
"1600-05AN.tif",140000,593750,150000,600000,16000,10000,,0.625,0.625
"1600-05AZ.tif",140000,587500,150000,593750,16000,10000,,0.625,0.625
"1600-05BN.tif",150000,593750,160000,600000,16000,10000,,0.625,0.625
"1600-05BZ.tif",150000,587500,160000,593750,16000,10000,,0.625,0.625
"1600-05CN.tif",140000,581250,150000,587500,16000,10000,,0.625,0.625
"1600-05CZ.tif",140000,575000,150000,581250,16000,10000,,0.625,0.625
"1600-05DN.tif",150000,581250,160000,587500,16000,10000,,0.625,0.625
"1600-05DZ.tif",150000,575000,160000,581250,16000,10000,,0.625,0.625
"1600-05EN.tif",160000,593750,170000,600000,16000,10000,,0.625,0.625
"1600-05EZ.tif",160000,587500,170000,593750,16000,10000,,0.625,0.625
"1600-05FN.tif",170000,593750,180000,600000,16000,10000,,0.625,0.625
"1600-05FZ.tif",170000,587500,180000,593750,16000,10000,,0.625,0.625
"1600-05GN.tif",160000,581250,170000,587500,16000,10000,,0.625,0.625
"1600-05GZ.tif",160000,575000,170000,581250,16000,10000,,0.625,0.625
"1600-05HN.tif",170000,581250,180000,587500,16000,10000,,0.625,0.625
"1600-05HZ.tif",170000,575000,180000,581250,16000,10000,,0.625,0.625
"1600-06AN.tif",180000,593750,190000,600000,16000,10000,,0.625,0.625
"1600-06AZ.tif",180000,587500,190000,593750,16000,10000,,0.625,0.625
"1600-06BN.tif",190000,593750,200000,600000,16000,10000,,0.625,0.625
"1600-06BZ.tif",190000,587500,200000,593750,16000,10000,,0.625,0.625
"1600-06CN.tif",180000,581250,190000,587500,16000,10000,,0.625,0.625
"1600-06CZ.tif",180000,575000,190000,581250,16000,10000,,0.625,0.625
"1600-06DN.tif",190000,581250,200000,587500,16000,10000,,0.625,0.625
"1600-06DZ.tif",190000,575000,200000,581250,16000,10000,,0.625,0.625
"1600-06EN.tif",200000,593750,210000,600000,16000,10000,,0.625,0.625
"1600-06EZ.tif",200000,587500,210000,593750,16000,10000,,0.625,0.625
"1600-06FN.tif",210000,593750,220000,600000,16000,10000,,0.625,0.625
"1600-06FZ.tif",210000,587500,220000,593750,16000,10000,,0.625,0.625
"1600-06GN.tif",200000,581250,210000,587500,16000,10000,,0.625,0.625
"1600-06GZ.tif",200000,575000,210000,581250,16000,10000,,0.625,0.625
"1600-06HN.tif",210000,581250,220000,587500,16000,10000,,0.625,0.625
"1600-06HZ.tif",210000,575000,220000,581250,16000,10000,,0.625,0.625
"1600-07AN.tif",220000,593750,230000,600000,16000,10000,,0.625,0.625
"1600-07AZ.tif",220000,587500,230000,593750,16000,10000,,0.625,0.625
"1600-07BN.tif",230000,593750,240000,600000,16000,10000,,0.625,0.625
"1600-07BZ.tif",230000,587500,240000,593750,16000,10000,,0.625,0.625
"1600-07CN.tif",220000,581250,230000,587500,16000,10000,,0.625,0.625
"1600-07CZ.tif",220000,575000,230000,581250,16000,10000,,0.625,0.625
"1600-07DN.tif",230000,581250,240000,587500,16000,10000,,0.625,0.625
"1600-07DZ.tif",230000,575000,240000,581250,16000,10000,,0.625,0.625
"1600-07EN.tif",240000,593750,250000,600000,16000,10000,,0.625,0.625
"1600-07EZ.tif",240000,587500,250000,593750,16000,10000,,0.625,0.625
"1600-07FN.tif",250000,593750,260000,600000,16000,10000,,0.625,0.625
"1600-07FZ.tif",250000,587500,260000,593750,16000,10000,,0.625,0.625
"1600-07GN.tif",240000,581250,250000,587500,16000,10000,,0.625,0.625
"1600-07GZ.tif",240000,575000,250000,581250,16000,10000,,0.625,0.625
"1600-07HN.tif",250000,581250,260000,587500,16000,10000,,0.625,0.625
"1600-07HZ.tif",250000,575000,260000,581250,16000,10000,,0.625,0.625
"1600-08AN.tif",260000,593750,270000,600000,16000,10000,,0.625,0.625
"1600-08AZ.tif",260000,587500,270000,593750,16000,10000,,0.625,0.625
"1600-08BN.tif",270000,593750,280000,600000,16000,10000,,0.625,0.625
"1600-08BZ.tif",270000,587500,280000,593750,16000,10000,,0.625,0.625
"1600-08CN.tif",260000,581250,270000,587500,16000,10000,,0.625,0.625
"1600-08CZ.tif",260000,575000,270000,581250,16000,10000,,0.625,0.625
"1600-08DN.tif",270000,581250,280000,587500,16000,10000,,0.625,0.625
"1600-08DZ.tif",270000,575000,280000,581250,16000,10000,,0.625,0.625
"1600-09AN.tif",100000,568750,110000,575000,16000,10000,,0.625,0.625
"1600-09AZ.tif",100000,562500,110000,568750,16000,10000,,0.625,0.625
"1600-09BN.tif",110000,568750,120000,575000,16000,10000,,0.625,0.625
"1600-09BZ.tif",110000,562500,120000,568750,16000,10000,,0.625,0.625
"1600-09CN.tif",100000,556250,110000,562500,16000,10000,,0.625,0.625
"1600-09CZ.tif",100000,550000,110000,556250,16000,10000,,0.625,0.625
"1600-09DN.tif",110000,556250,120000,562500,16000,10000,,0.625,0.625
"1600-09DZ.tif",110000,550000,120000,556250,16000,10000,,0.625,0.625
"1600-09EN.tif",120000,568750,130000,575000,16000,10000,,0.625,0.625
"1600-09EZ.tif",120000,562500,130000,568750,16000,10000,,0.625,0.625
"1600-09FN.tif",130000,568750,140000,575000,16000,10000,,0.625,0.625
"1600-09FZ.tif",130000,562500,140000,568750,16000,10000,,0.625,0.625
"1600-09GN.tif",120000,556250,130000,562500,16000,10000,,0.625,0.625
"1600-09GZ.tif",120000,550000,130000,556250,16000,10000,,0.625,0.625
"1600-09HN.tif",130000,556250,140000,562500,16000,10000,,0.625,0.625
"1600-09HZ.tif",130000,550000,140000,556250,16000,10000,,0.625,0.625
"1600-10AN.tif",140000,568750,150000,575000,16000,10000,,0.625,0.625
"1600-10AZ.tif",140000,562500,150000,568750,16000,10000,,0.625,0.625
"1600-10BN.tif",150000,568750,160000,575000,16000,10000,,0.625,0.625
"1600-10BZ.tif",150000,562500,160000,568750,16000,10000,,0.625,0.625
"1600-10CN.tif",140000,556250,150000,562500,16000,10000,,0.625,0.625
"1600-10CZ.tif",140000,550000,150000,556250,16000,10000,,0.625,0.625
"1600-10DN.tif",150000,556250,160000,562500,16000,10000,,0.625,0.625
"1600-10DZ.tif",150000,550000,160000,556250,16000,10000,,0.625,0.625
"1600-10EN.tif",160000,568750,170000,575000,16000,10000,,0.625,0.625
"1600-10EZ.tif",160000,562500,170000,568750,16000,10000,,0.625,0.625
"1600-10FN.tif",170000,568750,180000,575000,16000,10000,,0.625,0.625
"1600-10FZ.tif",170000,562500,180000,568750,16000,10000,,0.625,0.625
"1600-10GN.tif",160000,556250,170000,562500,16000,10000,,0.625,0.625
"1600-10GZ.tif",160000,550000,170000,556250,16000,10000,,0.625,0.625
"1600-10HN.tif",170000,556250,180000,562500,16000,10000,,0.625,0.625
"1600-10HZ.tif",170000,550000,180000,556250,16000,10000,,0.625,0.625
"1600-11AN.tif",180000,568750,190000,575000,16000,10000,,0.625,0.625
"1600-11AZ.tif",180000,562500,190000,568750,16000,10000,,0.625,0.625
"1600-11BN.tif",190000,568750,200000,575000,16000,10000,,0.625,0.625
"1600-11BZ.tif",190000,562500,200000,568750,16000,10000,,0.625,0.625
"1600-11CN.tif",180000,556250,190000,562500,16000,10000,,0.625,0.625
"1600-11CZ.tif",180000,550000,190000,556250,16000,10000,,0.625,0.625
"1600-11DN.tif",190000,556250,200000,562500,16000,10000,,0.625,0.625
"1600-11DZ.tif",190000,550000,200000,556250,16000,10000,,0.625,0.625
"1600-11EN.tif",200000,568750,210000,575000,16000,10000,,0.625,0.625
"1600-11EZ.tif",200000,562500,210000,568750,16000,10000,,0.625,0.625
"1600-11FN.tif",210000,568750,220000,575000,16000,10000,,0.625,0.625
"1600-11FZ.tif",210000,562500,220000,568750,16000,10000,,0.625,0.625
"1600-11GN.tif",200000,556250,210000,562500,16000,10000,,0.625,0.625
"1600-11GZ.tif",200000,550000,210000,556250,16000,10000,,0.625,0.625
"1600-11HN.tif",210000,556250,220000,562500,16000,10000,,0.625,0.625
"1600-11HZ.tif",210000,550000,220000,556250,16000,10000,,0.625,0.625
"1600-12AN.tif",220000,568750,230000,575000,16000,10000,,0.625,0.625
"1600-12AZ.tif",220000,562500,230000,568750,16000,10000,,0.625,0.625
"1600-12BN.tif",230000,568750,240000,575000,16000,10000,,0.625,0.625
"1600-12BZ.tif",230000,562500,240000,568750,16000,10000,,0.625,0.625
"1600-12CN.tif",220000,556250,230000,562500,16000,10000,,0.625,0.625
"1600-12CZ.tif",220000,550000,230000,556250,16000,10000,,0.625,0.625
"1600-12DN.tif",230000,556250,240000,562500,16000,10000,,0.625,0.625
"1600-12DZ.tif",230000,550000,240000,556250,16000,10000,,0.625,0.625
"1600-12EN.tif",240000,568750,250000,575000,16000,10000,,0.625,0.625
"1600-12EZ.tif",240000,562500,250000,568750,16000,10000,,0.625,0.625
"1600-12FN.tif",250000,568750,260000,575000,16000,10000,,0.625,0.625
"1600-12FZ.tif",250000,562500,260000,568750,16000,10000,,0.625,0.625
"1600-12GN.tif",240000,556250,250000,562500,16000,10000,,0.625,0.625
"1600-12GZ.tif",240000,550000,250000,556250,16000,10000,,0.625,0.625
"1600-12HN.tif",250000,556250,260000,562500,16000,10000,,0.625,0.625
"1600-12HZ.tif",250000,550000,260000,556250,16000,10000,,0.625,0.625
"1600-13AN.tif",260000,568750,270000,575000,16000,10000,,0.625,0.625
"1600-13AZ.tif",260000,562500,270000,568750,16000,10000,,0.625,0.625
"1600-13BN.tif",270000,568750,280000,575000,16000,10000,,0.625,0.625
"1600-13BZ.tif",270000,562500,280000,568750,16000,10000,,0.625,0.625
"1600-13CN.tif",260000,556250,270000,562500,16000,10000,,0.625,0.625
"1600-13CZ.tif",260000,550000,270000,556250,16000,10000,,0.625,0.625
"1600-13DN.tif",270000,556250,280000,562500,16000,10000,,0.625,0.625
"1600-13DZ.tif",270000,550000,280000,556250,16000,10000,,0.625,0.625
"1600-73EN.tif",80000,543750,90000,550000,16000,10000,,0.625,0.625
"1600-73EZ.tif",80000,537500,90000,543750,16000,10000,,0.625,0.625
"1600-73FN.tif",90000,543750,100000,550000,16000,10000,,0.625,0.625
"1600-73FZ.tif",90000,537500,100000,543750,16000,10000,,0.625,0.625
"1600-73GN.tif",80000,531250,90000,537500,16000,10000,,0.625,0.625
"1600-73GZ.tif",80000,525000,90000,531250,16000,10000,,0.625,0.625
"1600-73HN.tif",90000,531250,100000,537500,16000,10000,,0.625,0.625
"1600-73HZ.tif",90000,525000,100000,531250,16000,10000,,0.625,0.625
"1600-14AN.tif",100000,543750,110000,550000,16000,10000,,0.625,0.625
"1600-14AZ.tif",100000,537500,110000,543750,16000,10000,,0.625,0.625
"1600-14BN.tif",110000,543750,120000,550000,16000,10000,,0.625,0.625
"1600-14BZ.tif",110000,537500,120000,543750,16000,10000,,0.625,0.625
"1600-14CN.tif",100000,531250,110000,537500,16000,10000,,0.625,0.625
"1600-14CZ.tif",100000,525000,110000,531250,16000,10000,,0.625,0.625
"1600-14DN.tif",110000,531250,120000,537500,16000,10000,,0.625,0.625
"1600-14DZ.tif",110000,525000,120000,531250,16000,10000,,0.625,0.625
"1600-14EN.tif",120000,543750,130000,550000,16000,10000,,0.625,0.625
"1600-14EZ.tif",120000,537500,130000,543750,16000,10000,,0.625,0.625
"1600-14FN.tif",130000,543750,140000,550000,16000,10000,,0.625,0.625
"1600-14FZ.tif",130000,537500,140000,543750,16000,10000,,0.625,0.625
"1600-14GN.tif",120000,531250,130000,537500,16000,10000,,0.625,0.625
"1600-14GZ.tif",120000,525000,130000,531250,16000,10000,,0.625,0.625
"1600-14HN.tif",130000,531250,140000,537500,16000,10000,,0.625,0.625
"1600-14HZ.tif",130000,525000,140000,531250,16000,10000,,0.625,0.625
"1600-15AN.tif",140000,543750,150000,550000,16000,10000,,0.625,0.625
"1600-15AZ.tif",140000,537500,150000,543750,16000,10000,,0.625,0.625
"1600-15BN.tif",150000,543750,160000,550000,16000,10000,,0.625,0.625
"1600-15BZ.tif",150000,537500,160000,543750,16000,10000,,0.625,0.625
"1600-15CN.tif",140000,531250,150000,537500,16000,10000,,0.625,0.625
"1600-15CZ.tif",140000,525000,150000,531250,16000,10000,,0.625,0.625
"1600-15DN.tif",150000,531250,160000,537500,16000,10000,,0.625,0.625
"1600-15DZ.tif",150000,525000,160000,531250,16000,10000,,0.625,0.625
"1600-15EN.tif",160000,543750,170000,550000,16000,10000,,0.625,0.625
"1600-15EZ.tif",160000,537500,170000,543750,16000,10000,,0.625,0.625
"1600-15FN.tif",170000,543750,180000,550000,16000,10000,,0.625,0.625
"1600-15FZ.tif",170000,537500,180000,543750,16000,10000,,0.625,0.625
"1600-15GN.tif",160000,531250,170000,537500,16000,10000,,0.625,0.625
"1600-15GZ.tif",160000,525000,170000,531250,16000,10000,,0.625,0.625
"1600-15HN.tif",170000,531250,180000,537500,16000,10000,,0.625,0.625
"1600-15HZ.tif",170000,525000,180000,531250,16000,10000,,0.625,0.625
"1600-16AN.tif",180000,543750,190000,550000,16000,10000,,0.625,0.625
"1600-16AZ.tif",180000,537500,190000,543750,16000,10000,,0.625,0.625
"1600-16BN.tif",190000,543750,200000,550000,16000,10000,,0.625,0.625
"1600-16BZ.tif",190000,537500,200000,543750,16000,10000,,0.625,0.625
"1600-16CN.tif",180000,531250,190000,537500,16000,10000,,0.625,0.625
"1600-16CZ.tif",180000,525000,190000,531250,16000,10000,,0.625,0.625
"1600-16DN.tif",190000,531250,200000,537500,16000,10000,,0.625,0.625
"1600-16DZ.tif",190000,525000,200000,531250,16000,10000,,0.625,0.625
"1600-16EN.tif",200000,543750,210000,550000,16000,10000,,0.625,0.625
"1600-16EZ.tif",200000,537500,210000,543750,16000,10000,,0.625,0.625
"1600-16FN.tif",210000,543750,220000,550000,16000,10000,,0.625,0.625
"1600-16FZ.tif",210000,537500,220000,543750,16000,10000,,0.625,0.625
"1600-16GN.tif",200000,531250,210000,537500,16000,10000,,0.625,0.625
"1600-16GZ.tif",200000,525000,210000,531250,16000,10000,,0.625,0.625
"1600-16HN.tif",210000,531250,220000,537500,16000,10000,,0.625,0.625
"1600-16HZ.tif",210000,525000,220000,531250,16000,10000,,0.625,0.625
"1600-17AN.tif",220000,543750,230000,550000,16000,10000,,0.625,0.625
"1600-17AZ.tif",220000,537500,230000,543750,16000,10000,,0.625,0.625
"1600-17BN.tif",230000,543750,240000,550000,16000,10000,,0.625,0.625
"1600-17BZ.tif",230000,537500,240000,543750,16000,10000,,0.625,0.625
"1600-17CN.tif",220000,531250,230000,537500,16000,10000,,0.625,0.625
"1600-17CZ.tif",220000,525000,230000,531250,16000,10000,,0.625,0.625
"1600-17DN.tif",230000,531250,240000,537500,16000,10000,,0.625,0.625
"1600-17DZ.tif",230000,525000,240000,531250,16000,10000,,0.625,0.625
"1600-17EN.tif",240000,543750,250000,550000,16000,10000,,0.625,0.625
"1600-17EZ.tif",240000,537500,250000,543750,16000,10000,,0.625,0.625
"1600-17FN.tif",250000,543750,260000,550000,16000,10000,,0.625,0.625
"1600-17FZ.tif",250000,537500,260000,543750,16000,10000,,0.625,0.625
"1600-17GN.tif",240000,531250,250000,537500,16000,10000,,0.625,0.625
"1600-17GZ.tif",240000,525000,250000,531250,16000,10000,,0.625,0.625
"1600-17HN.tif",250000,531250,260000,537500,16000,10000,,0.625,0.625
"1600-17HZ.tif",250000,525000,260000,531250,16000,10000,,0.625,0.625
"1600-18AN.tif",260000,543750,270000,550000,16000,10000,,0.625,0.625
"1600-18AZ.tif",260000,537500,270000,543750,16000,10000,,0.625,0.625
"1600-18BN.tif",270000,543750,280000,550000,16000,10000,,0.625,0.625
"1600-18BZ.tif",270000,537500,280000,543750,16000,10000,,0.625,0.625
"1600-18CN.tif",260000,531250,270000,537500,16000,10000,,0.625,0.625
"1600-18CZ.tif",260000,525000,270000,531250,16000,10000,,0.625,0.625
"1600-18DN.tif",270000,531250,280000,537500,16000,10000,,0.625,0.625
"1600-18DZ.tif",270000,525000,280000,531250,16000,10000,,0.625,0.625
"1600-72EN.tif",80000,518750,90000,525000,16000,10000,,0.625,0.625
"1600-72EZ.tif",80000,512500,90000,518750,16000,10000,,0.625,0.625
"1600-72FN.tif",90000,518750,100000,525000,16000,10000,,0.625,0.625
"1600-72FZ.tif",90000,512500,100000,518750,16000,10000,,0.625,0.625
"1600-72GN.tif",80000,506250,90000,512500,16000,10000,,0.625,0.625
"1600-72GZ.tif",80000,500000,90000,506250,16000,10000,,0.625,0.625
"1600-72HN.tif",90000,506250,100000,512500,16000,10000,,0.625,0.625
"1600-72HZ.tif",90000,500000,100000,506250,16000,10000,,0.625,0.625
"1600-19AN.tif",100000,518750,110000,525000,16000,10000,,0.625,0.625
"1600-19AZ.tif",100000,512500,110000,518750,16000,10000,,0.625,0.625
"1600-19BN.tif",110000,518750,120000,525000,16000,10000,,0.625,0.625
"1600-19BZ.tif",110000,512500,120000,518750,16000,10000,,0.625,0.625
"1600-19CN.tif",100000,506250,110000,512500,16000,10000,,0.625,0.625
"1600-19CZ.tif",100000,500000,110000,506250,16000,10000,,0.625,0.625
"1600-19DN.tif",110000,506250,120000,512500,16000,10000,,0.625,0.625
"1600-19DZ.tif",110000,500000,120000,506250,16000,10000,,0.625,0.625
"1600-19EN.tif",120000,518750,130000,525000,16000,10000,,0.625,0.625
"1600-19EZ.tif",120000,512500,130000,518750,16000,10000,,0.625,0.625
"1600-19FN.tif",130000,518750,140000,525000,16000,10000,,0.625,0.625
"1600-19FZ.tif",130000,512500,140000,518750,16000,10000,,0.625,0.625
"1600-19GN.tif",120000,506250,130000,512500,16000,10000,,0.625,0.625
"1600-19GZ.tif",120000,500000,130000,506250,16000,10000,,0.625,0.625
"1600-19HN.tif",130000,506250,140000,512500,16000,10000,,0.625,0.625
"1600-19HZ.tif",130000,500000,140000,506250,16000,10000,,0.625,0.625
"1600-20AN.tif",140000,518750,150000,525000,16000,10000,,0.625,0.625
"1600-20AZ.tif",140000,512500,150000,518750,16000,10000,,0.625,0.625
"1600-20BN.tif",150000,518750,160000,525000,16000,10000,,0.625,0.625
"1600-20BZ.tif",150000,512500,160000,518750,16000,10000,,0.625,0.625
"1600-20CN.tif",140000,506250,150000,512500,16000,10000,,0.625,0.625
"1600-20CZ.tif",140000,500000,150000,506250,16000,10000,,0.625,0.625
"1600-20DN.tif",150000,506250,160000,512500,16000,10000,,0.625,0.625
"1600-20DZ.tif",150000,500000,160000,506250,16000,10000,,0.625,0.625
"1600-20EN.tif",160000,518750,170000,525000,16000,10000,,0.625,0.625
"1600-20EZ.tif",160000,512500,170000,518750,16000,10000,,0.625,0.625
"1600-20FN.tif",170000,518750,180000,525000,16000,10000,,0.625,0.625
"1600-20FZ.tif",170000,512500,180000,518750,16000,10000,,0.625,0.625
"1600-20GN.tif",160000,506250,170000,512500,16000,10000,,0.625,0.625
"1600-20GZ.tif",160000,500000,170000,506250,16000,10000,,0.625,0.625
"1600-20HN.tif",170000,506250,180000,512500,16000,10000,,0.625,0.625
"1600-20HZ.tif",170000,500000,180000,506250,16000,10000,,0.625,0.625
"1600-21AN.tif",180000,518750,190000,525000,16000,10000,,0.625,0.625
"1600-21AZ.tif",180000,512500,190000,518750,16000,10000,,0.625,0.625
"1600-21BN.tif",190000,518750,200000,525000,16000,10000,,0.625,0.625
"1600-21BZ.tif",190000,512500,200000,518750,16000,10000,,0.625,0.625
"1600-21CN.tif",180000,506250,190000,512500,16000,10000,,0.625,0.625
"1600-21CZ.tif",180000,500000,190000,506250,16000,10000,,0.625,0.625
"1600-21DN.tif",190000,506250,200000,512500,16000,10000,,0.625,0.625
"1600-21DZ.tif",190000,500000,200000,506250,16000,10000,,0.625,0.625
"1600-21EN.tif",200000,518750,210000,525000,16000,10000,,0.625,0.625
"1600-21EZ.tif",200000,512500,210000,518750,16000,10000,,0.625,0.625
"1600-21FN.tif",210000,518750,220000,525000,16000,10000,,0.625,0.625
"1600-21FZ.tif",210000,512500,220000,518750,16000,10000,,0.625,0.625
"1600-21GN.tif",200000,506250,210000,512500,16000,10000,,0.625,0.625
"1600-21GZ.tif",200000,500000,210000,506250,16000,10000,,0.625,0.625
"1600-21HN.tif",210000,506250,220000,512500,16000,10000,,0.625,0.625
"1600-21HZ.tif",210000,500000,220000,506250,16000,10000,,0.625,0.625
"1600-22AN.tif",220000,518750,230000,525000,16000,10000,,0.625,0.625
"1600-22AZ.tif",220000,512500,230000,518750,16000,10000,,0.625,0.625
"1600-22BN.tif",230000,518750,240000,525000,16000,10000,,0.625,0.625
"1600-22BZ.tif",230000,512500,240000,518750,16000,10000,,0.625,0.625
"1600-22CN.tif",220000,506250,230000,512500,16000,10000,,0.625,0.625
"1600-22CZ.tif",220000,500000,230000,506250,16000,10000,,0.625,0.625
"1600-22DN.tif",230000,506250,240000,512500,16000,10000,,0.625,0.625
"1600-22DZ.tif",230000,500000,240000,506250,16000,10000,,0.625,0.625
"1600-22EN.tif",240000,518750,250000,525000,16000,10000,,0.625,0.625
"1600-22EZ.tif",240000,512500,250000,518750,16000,10000,,0.625,0.625
"1600-22FN.tif",250000,518750,260000,525000,16000,10000,,0.625,0.625
"1600-22FZ.tif",250000,512500,260000,518750,16000,10000,,0.625,0.625
"1600-22GN.tif",240000,506250,250000,512500,16000,10000,,0.625,0.625
"1600-22GZ.tif",240000,500000,250000,506250,16000,10000,,0.625,0.625
"1600-22HN.tif",250000,506250,260000,512500,16000,10000,,0.625,0.625
"1600-22HZ.tif",250000,500000,260000,506250,16000,10000,,0.625,0.625
"1600-23AN.tif",260000,518750,270000,525000,16000,10000,,0.625,0.625
"1600-23AZ.tif",260000,512500,270000,518750,16000,10000,,0.625,0.625
"1600-23BN.tif",270000,518750,280000,525000,16000,10000,,0.625,0.625
"1600-23BZ.tif",270000,512500,280000,518750,16000,10000,,0.625,0.625
"1600-23CN.tif",260000,506250,270000,512500,16000,10000,,0.625,0.625
"1600-23CZ.tif",260000,500000,270000,506250,16000,10000,,0.625,0.625
"1600-23DN.tif",270000,506250,280000,512500,16000,10000,,0.625,0.625
"1600-23DZ.tif",270000,500000,280000,506250,16000,10000,,0.625,0.625
"1600-24EN.tif",80000,493750,90000,500000,16000,10000,,0.625,0.625
"1600-24EZ.tif",80000,487500,90000,493750,16000,10000,,0.625,0.625
"1600-24FN.tif",90000,493750,100000,500000,16000,10000,,0.625,0.625
"1600-24FZ.tif",90000,487500,100000,493750,16000,10000,,0.625,0.625
"1600-24GN.tif",80000,481250,90000,487500,16000,10000,,0.625,0.625
"1600-24GZ.tif",80000,475000,90000,481250,16000,10000,,0.625,0.625
"1600-24HN.tif",90000,481250,100000,487500,16000,10000,,0.625,0.625
"1600-24HZ.tif",90000,475000,100000,481250,16000,10000,,0.625,0.625
"1600-25AN.tif",100000,493750,110000,500000,16000,10000,,0.625,0.625
"1600-25AZ.tif",100000,487500,110000,493750,16000,10000,,0.625,0.625
"1600-25BN.tif",110000,493750,120000,500000,16000,10000,,0.625,0.625
"1600-25BZ.tif",110000,487500,120000,493750,16000,10000,,0.625,0.625
"1600-25CN.tif",100000,481250,110000,487500,16000,10000,,0.625,0.625
"1600-25CZ.tif",100000,475000,110000,481250,16000,10000,,0.625,0.625
"1600-25DN.tif",110000,481250,120000,487500,16000,10000,,0.625,0.625
"1600-25DZ.tif",110000,475000,120000,481250,16000,10000,,0.625,0.625
"1600-25EN.tif",120000,493750,130000,500000,16000,10000,,0.625,0.625
"1600-25EZ.tif",120000,487500,130000,493750,16000,10000,,0.625,0.625
"1600-25FN.tif",130000,493750,140000,500000,16000,10000,,0.625,0.625
"1600-25FZ.tif",130000,487500,140000,493750,16000,10000,,0.625,0.625
"1600-25GN.tif",120000,481250,130000,487500,16000,10000,,0.625,0.625
"1600-25GZ.tif",120000,475000,130000,481250,16000,10000,,0.625,0.625
"1600-25HN.tif",130000,481250,140000,487500,16000,10000,,0.625,0.625
"1600-25HZ.tif",130000,475000,140000,481250,16000,10000,,0.625,0.625
"1600-26AN.tif",140000,493750,150000,500000,16000,10000,,0.625,0.625
"1600-26AZ.tif",140000,487500,150000,493750,16000,10000,,0.625,0.625
"1600-26BN.tif",150000,493750,160000,500000,16000,10000,,0.625,0.625
"1600-26BZ.tif",150000,487500,160000,493750,16000,10000,,0.625,0.625
"1600-26CN.tif",140000,481250,150000,487500,16000,10000,,0.625,0.625
"1600-26CZ.tif",140000,475000,150000,481250,16000,10000,,0.625,0.625
"1600-26DN.tif",150000,481250,160000,487500,16000,10000,,0.625,0.625
"1600-26DZ.tif",150000,475000,160000,481250,16000,10000,,0.625,0.625
"1600-26EN.tif",160000,493750,170000,500000,16000,10000,,0.625,0.625
"1600-26EZ.tif",160000,487500,170000,493750,16000,10000,,0.625,0.625
"1600-26FN.tif",170000,493750,180000,500000,16000,10000,,0.625,0.625
"1600-26FZ.tif",170000,487500,180000,493750,16000,10000,,0.625,0.625
"1600-26GN.tif",160000,481250,170000,487500,16000,10000,,0.625,0.625
"1600-26GZ.tif",160000,475000,170000,481250,16000,10000,,0.625,0.625
"1600-26HN.tif",170000,481250,180000,487500,16000,10000,,0.625,0.625
"1600-26HZ.tif",170000,475000,180000,481250,16000,10000,,0.625,0.625
"1600-27AN.tif",180000,493750,190000,500000,16000,10000,,0.625,0.625
"1600-27AZ.tif",180000,487500,190000,493750,16000,10000,,0.625,0.625
"1600-27BN.tif",190000,493750,200000,500000,16000,10000,,0.625,0.625
"1600-27BZ.tif",190000,487500,200000,493750,16000,10000,,0.625,0.625
"1600-27CN.tif",180000,481250,190000,487500,16000,10000,,0.625,0.625
"1600-27CZ.tif",180000,475000,190000,481250,16000,10000,,0.625,0.625
"1600-27DN.tif",190000,481250,200000,487500,16000,10000,,0.625,0.625
"1600-27DZ.tif",190000,475000,200000,481250,16000,10000,,0.625,0.625
"1600-27EN.tif",200000,493750,210000,500000,16000,10000,,0.625,0.625
"1600-27EZ.tif",200000,487500,210000,493750,16000,10000,,0.625,0.625
"1600-27FN.tif",210000,493750,220000,500000,16000,10000,,0.625,0.625
"1600-27FZ.tif",210000,487500,220000,493750,16000,10000,,0.625,0.625
"1600-27GN.tif",200000,481250,210000,487500,16000,10000,,0.625,0.625
"1600-27GZ.tif",200000,475000,210000,481250,16000,10000,,0.625,0.625
"1600-27HN.tif",210000,481250,220000,487500,16000,10000,,0.625,0.625
"1600-27HZ.tif",210000,475000,220000,481250,16000,10000,,0.625,0.625
"1600-28AN.tif",220000,493750,230000,500000,16000,10000,,0.625,0.625
"1600-28AZ.tif",220000,487500,230000,493750,16000,10000,,0.625,0.625
"1600-28BN.tif",230000,493750,240000,500000,16000,10000,,0.625,0.625
"1600-28BZ.tif",230000,487500,240000,493750,16000,10000,,0.625,0.625
"1600-28CN.tif",220000,481250,230000,487500,16000,10000,,0.625,0.625
"1600-28CZ.tif",220000,475000,230000,481250,16000,10000,,0.625,0.625
"1600-28DN.tif",230000,481250,240000,487500,16000,10000,,0.625,0.625
"1600-28DZ.tif",230000,475000,240000,481250,16000,10000,,0.625,0.625
"1600-28EN.tif",240000,493750,250000,500000,16000,10000,,0.625,0.625
"1600-28EZ.tif",240000,487500,250000,493750,16000,10000,,0.625,0.625
"1600-28FN.tif",250000,493750,260000,500000,16000,10000,,0.625,0.625
"1600-28FZ.tif",250000,487500,260000,493750,16000,10000,,0.625,0.625
"1600-28GN.tif",240000,481250,250000,487500,16000,10000,,0.625,0.625
"1600-28GZ.tif",240000,475000,250000,481250,16000,10000,,0.625,0.625
"1600-28HN.tif",250000,481250,260000,487500,16000,10000,,0.625,0.625
"1600-28HZ.tif",250000,475000,260000,481250,16000,10000,,0.625,0.625
"1600-29AN.tif",260000,493750,270000,500000,16000,10000,,0.625,0.625
"1600-29AZ.tif",260000,487500,270000,493750,16000,10000,,0.625,0.625
"1600-29BN.tif",270000,493750,280000,500000,16000,10000,,0.625,0.625
"1600-29BZ.tif",270000,487500,280000,493750,16000,10000,,0.625,0.625
"1600-29CN.tif",260000,481250,270000,487500,16000,10000,,0.625,0.625
"1600-29CZ.tif",260000,475000,270000,481250,16000,10000,,0.625,0.625
"1600-29DN.tif",270000,481250,280000,487500,16000,10000,,0.625,0.625
"1600-29DZ.tif",270000,475000,280000,481250,16000,10000,,0.625,0.625
"1600-30AN.tif",60000,468750,70000,475000,16000,10000,,0.625,0.625
"1600-30AZ.tif",60000,462500,70000,468750,16000,10000,,0.625,0.625
"1600-30BN.tif",70000,468750,80000,475000,16000,10000,,0.625,0.625
"1600-30BZ.tif",70000,462500,80000,468750,16000,10000,,0.625,0.625
"1600-30CN.tif",60000,456250,70000,462500,16000,10000,,0.625,0.625
"1600-30CZ.tif",60000,450000,70000,456250,16000,10000,,0.625,0.625
"1600-30DN.tif",70000,456250,80000,462500,16000,10000,,0.625,0.625
"1600-30DZ.tif",70000,450000,80000,456250,16000,10000,,0.625,0.625
"1600-30EN.tif",80000,468750,90000,475000,16000,10000,,0.625,0.625
"1600-30EZ.tif",80000,462500,90000,468750,16000,10000,,0.625,0.625
"1600-30FN.tif",90000,468750,100000,475000,16000,10000,,0.625,0.625
"1600-30FZ.tif",90000,462500,100000,468750,16000,10000,,0.625,0.625
"1600-30GN.tif",80000,456250,90000,462500,16000,10000,,0.625,0.625
"1600-30GZ.tif",80000,450000,90000,456250,16000,10000,,0.625,0.625
"1600-30HN.tif",90000,456250,100000,462500,16000,10000,,0.625,0.625
"1600-30HZ.tif",90000,450000,100000,456250,16000,10000,,0.625,0.625
"1600-31AN.tif",100000,468750,110000,475000,16000,10000,,0.625,0.625
"1600-31AZ.tif",100000,462500,110000,468750,16000,10000,,0.625,0.625
"1600-31BN.tif",110000,468750,120000,475000,16000,10000,,0.625,0.625
"1600-31BZ.tif",110000,462500,120000,468750,16000,10000,,0.625,0.625
"1600-31CN.tif",100000,456250,110000,462500,16000,10000,,0.625,0.625
"1600-31CZ.tif",100000,450000,110000,456250,16000,10000,,0.625,0.625
"1600-31DN.tif",110000,456250,120000,462500,16000,10000,,0.625,0.625
"1600-31DZ.tif",110000,450000,120000,456250,16000,10000,,0.625,0.625
"1600-31EN.tif",120000,468750,130000,475000,16000,10000,,0.625,0.625
"1600-31EZ.tif",120000,462500,130000,468750,16000,10000,,0.625,0.625
"1600-31FN.tif",130000,468750,140000,475000,16000,10000,,0.625,0.625
"1600-31FZ.tif",130000,462500,140000,468750,16000,10000,,0.625,0.625
"1600-31GN.tif",120000,456250,130000,462500,16000,10000,,0.625,0.625
"1600-31GZ.tif",120000,450000,130000,456250,16000,10000,,0.625,0.625
"1600-31HN.tif",130000,456250,140000,462500,16000,10000,,0.625,0.625
"1600-31HZ.tif",130000,450000,140000,456250,16000,10000,,0.625,0.625
"1600-32AN.tif",140000,468750,150000,475000,16000,10000,,0.625,0.625
"1600-32AZ.tif",140000,462500,150000,468750,16000,10000,,0.625,0.625
"1600-32BN.tif",150000,468750,160000,475000,16000,10000,,0.625,0.625
"1600-32BZ.tif",150000,462500,160000,468750,16000,10000,,0.625,0.625
"1600-32CN.tif",140000,456250,150000,462500,16000,10000,,0.625,0.625
"1600-32CZ.tif",140000,450000,150000,456250,16000,10000,,0.625,0.625
"1600-32DN.tif",150000,456250,160000,462500,16000,10000,,0.625,0.625
"1600-32DZ.tif",150000,450000,160000,456250,16000,10000,,0.625,0.625
"1600-32EN.tif",160000,468750,170000,475000,16000,10000,,0.625,0.625
"1600-32EZ.tif",160000,462500,170000,468750,16000,10000,,0.625,0.625
"1600-32FN.tif",170000,468750,180000,475000,16000,10000,,0.625,0.625
"1600-32FZ.tif",170000,462500,180000,468750,16000,10000,,0.625,0.625
"1600-32GN.tif",160000,456250,170000,462500,16000,10000,,0.625,0.625
"1600-32GZ.tif",160000,450000,170000,456250,16000,10000,,0.625,0.625
"1600-32HN.tif",170000,456250,180000,462500,16000,10000,,0.625,0.625
"1600-32HZ.tif",170000,450000,180000,456250,16000,10000,,0.625,0.625
"1600-33AN.tif",180000,468750,190000,475000,16000,10000,,0.625,0.625
"1600-33AZ.tif",180000,462500,190000,468750,16000,10000,,0.625,0.625
"1600-33BN.tif",190000,468750,200000,475000,16000,10000,,0.625,0.625
"1600-33BZ.tif",190000,462500,200000,468750,16000,10000,,0.625,0.625
"1600-33CN.tif",180000,456250,190000,462500,16000,10000,,0.625,0.625
"1600-33CZ.tif",180000,450000,190000,456250,16000,10000,,0.625,0.625
"1600-33DN.tif",190000,456250,200000,462500,16000,10000,,0.625,0.625
"1600-33DZ.tif",190000,450000,200000,456250,16000,10000,,0.625,0.625
"1600-33EN.tif",200000,468750,210000,475000,16000,10000,,0.625,0.625
"1600-33EZ.tif",200000,462500,210000,468750,16000,10000,,0.625,0.625
"1600-33FN.tif",210000,468750,220000,475000,16000,10000,,0.625,0.625
"1600-33FZ.tif",210000,462500,220000,468750,16000,10000,,0.625,0.625
"1600-33GN.tif",200000,456250,210000,462500,16000,10000,,0.625,0.625
"1600-33GZ.tif",200000,450000,210000,456250,16000,10000,,0.625,0.625
"1600-33HN.tif",210000,456250,220000,462500,16000,10000,,0.625,0.625
"1600-33HZ.tif",210000,450000,220000,456250,16000,10000,,0.625,0.625
"1600-34AN.tif",220000,468750,230000,475000,16000,10000,,0.625,0.625
"1600-34AZ.tif",220000,462500,230000,468750,16000,10000,,0.625,0.625
"1600-34BN.tif",230000,468750,240000,475000,16000,10000,,0.625,0.625
"1600-34BZ.tif",230000,462500,240000,468750,16000,10000,,0.625,0.625
"1600-34CN.tif",220000,456250,230000,462500,16000,10000,,0.625,0.625
"1600-34CZ.tif",220000,450000,230000,456250,16000,10000,,0.625,0.625
"1600-34DN.tif",230000,456250,240000,462500,16000,10000,,0.625,0.625
"1600-34DZ.tif",230000,450000,240000,456250,16000,10000,,0.625,0.625
"1600-34EN.tif",240000,468750,250000,475000,16000,10000,,0.625,0.625
"1600-34EZ.tif",240000,462500,250000,468750,16000,10000,,0.625,0.625
"1600-34FN.tif",250000,468750,260000,475000,16000,10000,,0.625,0.625
"1600-34FZ.tif",250000,462500,260000,468750,16000,10000,,0.625,0.625
"1600-34GN.tif",240000,456250,250000,462500,16000,10000,,0.625,0.625
"1600-34GZ.tif",240000,450000,250000,456250,16000,10000,,0.625,0.625
"1600-34HN.tif",250000,456250,260000,462500,16000,10000,,0.625,0.625
"1600-34HZ.tif",250000,450000,260000,456250,16000,10000,,0.625,0.625
"1600-35AN.tif",260000,468750,270000,475000,16000,10000,,0.625,0.625
"1600-35AZ.tif",260000,462500,270000,468750,16000,10000,,0.625,0.625
"1600-35BN.tif",270000,468750,280000,475000,16000,10000,,0.625,0.625
"1600-35BZ.tif",270000,462500,280000,468750,16000,10000,,0.625,0.625
"1600-35CN.tif",260000,456250,270000,462500,16000,10000,,0.625,0.625
"1600-35CZ.tif",260000,450000,270000,456250,16000,10000,,0.625,0.625
"1600-35DN.tif",270000,456250,280000,462500,16000,10000,,0.625,0.625
"1600-35DZ.tif",270000,450000,280000,456250,16000,10000,,0.625,0.625
"1600-37AN.tif",60000,443750,70000,450000,16000,10000,,0.625,0.625
"1600-37AZ.tif",60000,437500,70000,443750,16000,10000,,0.625,0.625
"1600-37BN.tif",70000,443750,80000,450000,16000,10000,,0.625,0.625
"1600-37BZ.tif",70000,437500,80000,443750,16000,10000,,0.625,0.625
"1600-37CN.tif",60000,431250,70000,437500,16000,10000,,0.625,0.625
"1600-37CZ.tif",60000,425000,70000,431250,16000,10000,,0.625,0.625
"1600-37DN.tif",70000,431250,80000,437500,16000,10000,,0.625,0.625
"1600-37DZ.tif",70000,425000,80000,431250,16000,10000,,0.625,0.625
"1600-37EN.tif",80000,443750,90000,450000,16000,10000,,0.625,0.625
"1600-37EZ.tif",80000,437500,90000,443750,16000,10000,,0.625,0.625
"1600-37FN.tif",90000,443750,100000,450000,16000,10000,,0.625,0.625
"1600-37FZ.tif",90000,437500,100000,443750,16000,10000,,0.625,0.625
"1600-37GN.tif",80000,431250,90000,437500,16000,10000,,0.625,0.625
"1600-37GZ.tif",80000,425000,90000,431250,16000,10000,,0.625,0.625
"1600-37HN.tif",90000,431250,100000,437500,16000,10000,,0.625,0.625
"1600-37HZ.tif",90000,425000,100000,431250,16000,10000,,0.625,0.625
"1600-38AN.tif",100000,443750,110000,450000,16000,10000,,0.625,0.625
"1600-38AZ.tif",100000,437500,110000,443750,16000,10000,,0.625,0.625
"1600-38BN.tif",110000,443750,120000,450000,16000,10000,,0.625,0.625
"1600-38BZ.tif",110000,437500,120000,443750,16000,10000,,0.625,0.625
"1600-38CN.tif",100000,431250,110000,437500,16000,10000,,0.625,0.625
"1600-38CZ.tif",100000,425000,110000,431250,16000,10000,,0.625,0.625
"1600-38DN.tif",110000,431250,120000,437500,16000,10000,,0.625,0.625
"1600-38DZ.tif",110000,425000,120000,431250,16000,10000,,0.625,0.625
"1600-38EN.tif",120000,443750,130000,450000,16000,10000,,0.625,0.625
"1600-38EZ.tif",120000,437500,130000,443750,16000,10000,,0.625,0.625
"1600-38FN.tif",130000,443750,140000,450000,16000,10000,,0.625,0.625
"1600-38FZ.tif",130000,437500,140000,443750,16000,10000,,0.625,0.625
"1600-38GN.tif",120000,431250,130000,437500,16000,10000,,0.625,0.625
"1600-38GZ.tif",120000,425000,130000,431250,16000,10000,,0.625,0.625
"1600-38HN.tif",130000,431250,140000,437500,16000,10000,,0.625,0.625
"1600-38HZ.tif",130000,425000,140000,431250,16000,10000,,0.625,0.625
"1600-39AN.tif",140000,443750,150000,450000,16000,10000,,0.625,0.625
"1600-39AZ.tif",140000,437500,150000,443750,16000,10000,,0.625,0.625
"1600-39BN.tif",150000,443750,160000,450000,16000,10000,,0.625,0.625
"1600-39BZ.tif",150000,437500,160000,443750,16000,10000,,0.625,0.625
"1600-39CN.tif",140000,431250,150000,437500,16000,10000,,0.625,0.625
"1600-39CZ.tif",140000,425000,150000,431250,16000,10000,,0.625,0.625
"1600-39DN.tif",150000,431250,160000,437500,16000,10000,,0.625,0.625
"1600-39DZ.tif",150000,425000,160000,431250,16000,10000,,0.625,0.625
"1600-39EN.tif",160000,443750,170000,450000,16000,10000,,0.625,0.625
"1600-39EZ.tif",160000,437500,170000,443750,16000,10000,,0.625,0.625
"1600-39FN.tif",170000,443750,180000,450000,16000,10000,,0.625,0.625
"1600-39FZ.tif",170000,437500,180000,443750,16000,10000,,0.625,0.625
"1600-39GN.tif",160000,431250,170000,437500,16000,10000,,0.625,0.625
"1600-39GZ.tif",160000,425000,170000,431250,16000,10000,,0.625,0.625
"1600-39HN.tif",170000,431250,180000,437500,16000,10000,,0.625,0.625
"1600-39HZ.tif",170000,425000,180000,431250,16000,10000,,0.625,0.625
"1600-40AN.tif",180000,443750,190000,450000,16000,10000,,0.625,0.625
"1600-40AZ.tif",180000,437500,190000,443750,16000,10000,,0.625,0.625
"1600-40BN.tif",190000,443750,200000,450000,16000,10000,,0.625,0.625
"1600-40BZ.tif",190000,437500,200000,443750,16000,10000,,0.625,0.625
"1600-40CN.tif",180000,431250,190000,437500,16000,10000,,0.625,0.625
"1600-40CZ.tif",180000,425000,190000,431250,16000,10000,,0.625,0.625
"1600-40DN.tif",190000,431250,200000,437500,16000,10000,,0.625,0.625
"1600-40DZ.tif",190000,425000,200000,431250,16000,10000,,0.625,0.625
"1600-40EN.tif",200000,443750,210000,450000,16000,10000,,0.625,0.625
"1600-40EZ.tif",200000,437500,210000,443750,16000,10000,,0.625,0.625
"1600-40FN.tif",210000,443750,220000,450000,16000,10000,,0.625,0.625
"1600-40FZ.tif",210000,437500,220000,443750,16000,10000,,0.625,0.625
"1600-40GN.tif",200000,431250,210000,437500,16000,10000,,0.625,0.625
"1600-40GZ.tif",200000,425000,210000,431250,16000,10000,,0.625,0.625
"1600-40HN.tif",210000,431250,220000,437500,16000,10000,,0.625,0.625
"1600-40HZ.tif",210000,425000,220000,431250,16000,10000,,0.625,0.625
"1600-41AN.tif",220000,443750,230000,450000,16000,10000,,0.625,0.625
"1600-41AZ.tif",220000,437500,230000,443750,16000,10000,,0.625,0.625
"1600-41BN.tif",230000,443750,240000,450000,16000,10000,,0.625,0.625
"1600-41BZ.tif",230000,437500,240000,443750,16000,10000,,0.625,0.625
"1600-41CN.tif",220000,431250,230000,437500,16000,10000,,0.625,0.625
"1600-41CZ.tif",220000,425000,230000,431250,16000,10000,,0.625,0.625
"1600-41DN.tif",230000,431250,240000,437500,16000,10000,,0.625,0.625
"1600-41DZ.tif",230000,425000,240000,431250,16000,10000,,0.625,0.625
"1600-41EN.tif",240000,443750,250000,450000,16000,10000,,0.625,0.625
"1600-41EZ.tif",240000,437500,250000,443750,16000,10000,,0.625,0.625
"1600-41FN.tif",250000,443750,260000,450000,16000,10000,,0.625,0.625
"1600-41FZ.tif",250000,437500,260000,443750,16000,10000,,0.625,0.625
"1600-41GN.tif",240000,431250,250000,437500,16000,10000,,0.625,0.625
"1600-41GZ.tif",240000,425000,250000,431250,16000,10000,,0.625,0.625
"1600-41HN.tif",250000,431250,260000,437500,16000,10000,,0.625,0.625
"1600-41HZ.tif",250000,425000,260000,431250,16000,10000,,0.625,0.625
"1600-42AN.tif",260000,443750,270000,450000,16000,10000,,0.625,0.625
"1600-42AZ.tif",260000,437500,270000,443750,16000,10000,,0.625,0.625
"1600-42BN.tif",270000,443750,280000,450000,16000,10000,,0.625,0.625
"1600-42BZ.tif",270000,437500,280000,443750,16000,10000,,0.625,0.625
"1600-42CN.tif",260000,431250,270000,437500,16000,10000,,0.625,0.625
"1600-42CZ.tif",260000,425000,270000,431250,16000,10000,,0.625,0.625
"1600-42DN.tif",270000,431250,280000,437500,16000,10000,,0.625,0.625
"1600-42DZ.tif",270000,425000,280000,431250,16000,10000,,0.625,0.625
"1600-43AN.tif",60000,418750,70000,425000,16000,10000,,0.625,0.625
"1600-43AZ.tif",60000,412500,70000,418750,16000,10000,,0.625,0.625
"1600-43BN.tif",70000,418750,80000,425000,16000,10000,,0.625,0.625
"1600-43BZ.tif",70000,412500,80000,418750,16000,10000,,0.625,0.625
"1600-43CN.tif",60000,406250,70000,412500,16000,10000,,0.625,0.625
"1600-43CZ.tif",60000,400000,70000,406250,16000,10000,,0.625,0.625
"1600-43DN.tif",70000,406250,80000,412500,16000,10000,,0.625,0.625
"1600-43DZ.tif",70000,400000,80000,406250,16000,10000,,0.625,0.625
"1600-43EN.tif",80000,418750,90000,425000,16000,10000,,0.625,0.625
"1600-43EZ.tif",80000,412500,90000,418750,16000,10000,,0.625,0.625
"1600-43FN.tif",90000,418750,100000,425000,16000,10000,,0.625,0.625
"1600-43FZ.tif",90000,412500,100000,418750,16000,10000,,0.625,0.625
"1600-43GN.tif",80000,406250,90000,412500,16000,10000,,0.625,0.625
"1600-43GZ.tif",80000,400000,90000,406250,16000,10000,,0.625,0.625
"1600-43HN.tif",90000,406250,100000,412500,16000,10000,,0.625,0.625
"1600-43HZ.tif",90000,400000,100000,406250,16000,10000,,0.625,0.625
"1600-44AN.tif",100000,418750,110000,425000,16000,10000,,0.625,0.625
"1600-44AZ.tif",100000,412500,110000,418750,16000,10000,,0.625,0.625
"1600-44BN.tif",110000,418750,120000,425000,16000,10000,,0.625,0.625
"1600-44BZ.tif",110000,412500,120000,418750,16000,10000,,0.625,0.625
"1600-44CN.tif",100000,406250,110000,412500,16000,10000,,0.625,0.625
"1600-44CZ.tif",100000,400000,110000,406250,16000,10000,,0.625,0.625
"1600-44DN.tif",110000,406250,120000,412500,16000,10000,,0.625,0.625
"1600-44DZ.tif",110000,400000,120000,406250,16000,10000,,0.625,0.625
"1600-44EN.tif",120000,418750,130000,425000,16000,10000,,0.625,0.625
"1600-44EZ.tif",120000,412500,130000,418750,16000,10000,,0.625,0.625
"1600-44FN.tif",130000,418750,140000,425000,16000,10000,,0.625,0.625
"1600-44FZ.tif",130000,412500,140000,418750,16000,10000,,0.625,0.625
"1600-44GN.tif",120000,406250,130000,412500,16000,10000,,0.625,0.625
"1600-44GZ.tif",120000,400000,130000,406250,16000,10000,,0.625,0.625
"1600-44HN.tif",130000,406250,140000,412500,16000,10000,,0.625,0.625
"1600-44HZ.tif",130000,400000,140000,406250,16000,10000,,0.625,0.625
"1600-45AN.tif",140000,418750,150000,425000,16000,10000,,0.625,0.625
"1600-45AZ.tif",140000,412500,150000,418750,16000,10000,,0.625,0.625
"1600-45BN.tif",150000,418750,160000,425000,16000,10000,,0.625,0.625
"1600-45BZ.tif",150000,412500,160000,418750,16000,10000,,0.625,0.625
"1600-45CN.tif",140000,406250,150000,412500,16000,10000,,0.625,0.625
"1600-45CZ.tif",140000,400000,150000,406250,16000,10000,,0.625,0.625
"1600-45DN.tif",150000,406250,160000,412500,16000,10000,,0.625,0.625
"1600-45DZ.tif",150000,400000,160000,406250,16000,10000,,0.625,0.625
"1600-45EN.tif",160000,418750,170000,425000,16000,10000,,0.625,0.625
"1600-45EZ.tif",160000,412500,170000,418750,16000,10000,,0.625,0.625
"1600-45FN.tif",170000,418750,180000,425000,16000,10000,,0.625,0.625
"1600-45FZ.tif",170000,412500,180000,418750,16000,10000,,0.625,0.625
"1600-45GN.tif",160000,406250,170000,412500,16000,10000,,0.625,0.625
"1600-45GZ.tif",160000,400000,170000,406250,16000,10000,,0.625,0.625
"1600-45HN.tif",170000,406250,180000,412500,16000,10000,,0.625,0.625
"1600-45HZ.tif",170000,400000,180000,406250,16000,10000,,0.625,0.625
"1600-46AN.tif",180000,418750,190000,425000,16000,10000,,0.625,0.625
"1600-46AZ.tif",180000,412500,190000,418750,16000,10000,,0.625,0.625
"1600-46BN.tif",190000,418750,200000,425000,16000,10000,,0.625,0.625
"1600-46BZ.tif",190000,412500,200000,418750,16000,10000,,0.625,0.625
"1600-46CN.tif",180000,406250,190000,412500,16000,10000,,0.625,0.625
"1600-46CZ.tif",180000,400000,190000,406250,16000,10000,,0.625,0.625
"1600-46DN.tif",190000,406250,200000,412500,16000,10000,,0.625,0.625
"1600-46DZ.tif",190000,400000,200000,406250,16000,10000,,0.625,0.625
"1600-46EN.tif",200000,418750,210000,425000,16000,10000,,0.625,0.625
"1600-46EZ.tif",200000,412500,210000,418750,16000,10000,,0.625,0.625
"1600-46FN.tif",210000,418750,220000,425000,16000,10000,,0.625,0.625
"1600-46FZ.tif",210000,412500,220000,418750,16000,10000,,0.625,0.625
"1600-46GN.tif",200000,406250,210000,412500,16000,10000,,0.625,0.625
"1600-46GZ.tif",200000,400000,210000,406250,16000,10000,,0.625,0.625
"1600-46HN.tif",210000,406250,220000,412500,16000,10000,,0.625,0.625
"1600-46HZ.tif",210000,400000,220000,406250,16000,10000,,0.625,0.625
"1600-47AN.tif",220000,418750,230000,425000,16000,10000,,0.625,0.625
"1600-47AZ.tif",220000,412500,230000,418750,16000,10000,,0.625,0.625
"1600-47BN.tif",230000,418750,240000,425000,16000,10000,,0.625,0.625
"1600-47BZ.tif",230000,412500,240000,418750,16000,10000,,0.625,0.625
"1600-47CN.tif",220000,406250,230000,412500,16000,10000,,0.625,0.625
"1600-47CZ.tif",220000,400000,230000,406250,16000,10000,,0.625,0.625
"1600-47DN.tif",230000,406250,240000,412500,16000,10000,,0.625,0.625
"1600-47DZ.tif",230000,400000,240000,406250,16000,10000,,0.625,0.625
"1600-49AN.tif",60000,393750,70000,400000,16000,10000,,0.625,0.625
"1600-49AZ.tif",60000,387500,70000,393750,16000,10000,,0.625,0.625
"1600-49BN.tif",70000,393750,80000,400000,16000,10000,,0.625,0.625
"1600-49BZ.tif",70000,387500,80000,393750,16000,10000,,0.625,0.625
"1600-49CN.tif",60000,381250,70000,387500,16000,10000,,0.625,0.625
"1600-49CZ.tif",60000,375000,70000,381250,16000,10000,,0.625,0.625
"1600-49DN.tif",70000,381250,80000,387500,16000,10000,,0.625,0.625
"1600-49DZ.tif",70000,375000,80000,381250,16000,10000,,0.625,0.625
"1600-49EN.tif",80000,393750,90000,400000,16000,10000,,0.625,0.625
"1600-49EZ.tif",80000,387500,90000,393750,16000,10000,,0.625,0.625
"1600-49FN.tif",90000,393750,100000,400000,16000,10000,,0.625,0.625
"1600-49FZ.tif",90000,387500,100000,393750,16000,10000,,0.625,0.625
"1600-49GN.tif",80000,381250,90000,387500,16000,10000,,0.625,0.625
"1600-49GZ.tif",80000,375000,90000,381250,16000,10000,,0.625,0.625
"1600-49HN.tif",90000,381250,100000,387500,16000,10000,,0.625,0.625
"1600-49HZ.tif",90000,375000,100000,381250,16000,10000,,0.625,0.625
"1600-50AN.tif",100000,393750,110000,400000,16000,10000,,0.625,0.625
"1600-50AZ.tif",100000,387500,110000,393750,16000,10000,,0.625,0.625
"1600-50BN.tif",110000,393750,120000,400000,16000,10000,,0.625,0.625
"1600-50BZ.tif",110000,387500,120000,393750,16000,10000,,0.625,0.625
"1600-50CN.tif",100000,381250,110000,387500,16000,10000,,0.625,0.625
"1600-50CZ.tif",100000,375000,110000,381250,16000,10000,,0.625,0.625
"1600-50DN.tif",110000,381250,120000,387500,16000,10000,,0.625,0.625
"1600-50DZ.tif",110000,375000,120000,381250,16000,10000,,0.625,0.625
"1600-50EN.tif",120000,393750,130000,400000,16000,10000,,0.625,0.625
"1600-50EZ.tif",120000,387500,130000,393750,16000,10000,,0.625,0.625
"1600-50FN.tif",130000,393750,140000,400000,16000,10000,,0.625,0.625
"1600-50FZ.tif",130000,387500,140000,393750,16000,10000,,0.625,0.625
"1600-50GN.tif",120000,381250,130000,387500,16000,10000,,0.625,0.625
"1600-50GZ.tif",120000,375000,130000,381250,16000,10000,,0.625,0.625
"1600-50HN.tif",130000,381250,140000,387500,16000,10000,,0.625,0.625
"1600-50HZ.tif",130000,375000,140000,381250,16000,10000,,0.625,0.625
"1600-51AN.tif",140000,393750,150000,400000,16000,10000,,0.625,0.625
"1600-51AZ.tif",140000,387500,150000,393750,16000,10000,,0.625,0.625
"1600-51BN.tif",150000,393750,160000,400000,16000,10000,,0.625,0.625
"1600-51BZ.tif",150000,387500,160000,393750,16000,10000,,0.625,0.625
"1600-51CN.tif",140000,381250,150000,387500,16000,10000,,0.625,0.625
"1600-51CZ.tif",140000,375000,150000,381250,16000,10000,,0.625,0.625
"1600-51DN.tif",150000,381250,160000,387500,16000,10000,,0.625,0.625
"1600-51DZ.tif",150000,375000,160000,381250,16000,10000,,0.625,0.625
"1600-51EN.tif",160000,393750,170000,400000,16000,10000,,0.625,0.625
"1600-51EZ.tif",160000,387500,170000,393750,16000,10000,,0.625,0.625
"1600-51FN.tif",170000,393750,180000,400000,16000,10000,,0.625,0.625
"1600-51FZ.tif",170000,387500,180000,393750,16000,10000,,0.625,0.625
"1600-51GN.tif",160000,381250,170000,387500,16000,10000,,0.625,0.625
"1600-51GZ.tif",160000,375000,170000,381250,16000,10000,,0.625,0.625
"1600-51HN.tif",170000,381250,180000,387500,16000,10000,,0.625,0.625
"1600-51HZ.tif",170000,375000,180000,381250,16000,10000,,0.625,0.625
"1600-52AN.tif",180000,393750,190000,400000,16000,10000,,0.625,0.625
"1600-52AZ.tif",180000,387500,190000,393750,16000,10000,,0.625,0.625
"1600-52BN.tif",190000,393750,200000,400000,16000,10000,,0.625,0.625
"1600-52BZ.tif",190000,387500,200000,393750,16000,10000,,0.625,0.625
"1600-52CN.tif",180000,381250,190000,387500,16000,10000,,0.625,0.625
"1600-52CZ.tif",180000,375000,190000,381250,16000,10000,,0.625,0.625
"1600-52DN.tif",190000,381250,200000,387500,16000,10000,,0.625,0.625
"1600-52DZ.tif",190000,375000,200000,381250,16000,10000,,0.625,0.625
"1600-52EN.tif",200000,393750,210000,400000,16000,10000,,0.625,0.625
"1600-52EZ.tif",200000,387500,210000,393750,16000,10000,,0.625,0.625
"1600-52FN.tif",210000,393750,220000,400000,16000,10000,,0.625,0.625
"1600-52FZ.tif",210000,387500,220000,393750,16000,10000,,0.625,0.625
"1600-52GN.tif",200000,381250,210000,387500,16000,10000,,0.625,0.625
"1600-52GZ.tif",200000,375000,210000,381250,16000,10000,,0.625,0.625
"1600-52HN.tif",210000,381250,220000,387500,16000,10000,,0.625,0.625
"1600-52HZ.tif",210000,375000,220000,381250,16000,10000,,0.625,0.625
"1600-53AN.tif",220000,393750,230000,400000,16000,10000,,0.625,0.625
"1600-53AZ.tif",220000,387500,230000,393750,16000,10000,,0.625,0.625
"1600-53BN.tif",230000,393750,240000,400000,16000,10000,,0.625,0.625
"1600-53BZ.tif",230000,387500,240000,393750,16000,10000,,0.625,0.625
"1600-53CN.tif",220000,381250,230000,387500,16000,10000,,0.625,0.625
"1600-53CZ.tif",220000,375000,230000,381250,16000,10000,,0.625,0.625
"1600-53DN.tif",230000,381250,240000,387500,16000,10000,,0.625,0.625
"1600-53DZ.tif",230000,375000,240000,381250,16000,10000,,0.625,0.625
"1600-55AN.tif",60000,368750,70000,375000,16000,10000,,0.625,0.625
"1600-55AZ.tif",60000,362500,70000,368750,16000,10000,,0.625,0.625
"1600-55BN.tif",70000,368750,80000,375000,16000,10000,,0.625,0.625
"1600-55BZ.tif",70000,362500,80000,368750,16000,10000,,0.625,0.625
"1600-55CN.tif",60000,356250,70000,362500,16000,10000,,0.625,0.625
"1600-55CZ.tif",60000,350000,70000,356250,16000,10000,,0.625,0.625
"1600-55DN.tif",70000,356250,80000,362500,16000,10000,,0.625,0.625
"1600-55DZ.tif",70000,350000,80000,356250,16000,10000,,0.625,0.625
"1600-55EN.tif",80000,368750,90000,375000,16000,10000,,0.625,0.625
"1600-55EZ.tif",80000,362500,90000,368750,16000,10000,,0.625,0.625
"1600-55FN.tif",90000,368750,100000,375000,16000,10000,,0.625,0.625
"1600-55FZ.tif",90000,362500,100000,368750,16000,10000,,0.625,0.625
"1600-55GN.tif",80000,356250,90000,362500,16000,10000,,0.625,0.625
"1600-55GZ.tif",80000,350000,90000,356250,16000,10000,,0.625,0.625
"1600-55HN.tif",90000,356250,100000,362500,16000,10000,,0.625,0.625
"1600-55HZ.tif",90000,350000,100000,356250,16000,10000,,0.625,0.625
"1600-56AN.tif",100000,368750,110000,375000,16000,10000,,0.625,0.625
"1600-56AZ.tif",100000,362500,110000,368750,16000,10000,,0.625,0.625
"1600-56BN.tif",110000,368750,120000,375000,16000,10000,,0.625,0.625
"1600-56BZ.tif",110000,362500,120000,368750,16000,10000,,0.625,0.625
"1600-56CN.tif",100000,356250,110000,362500,16000,10000,,0.625,0.625
"1600-56CZ.tif",100000,350000,110000,356250,16000,10000,,0.625,0.625
"1600-56DN.tif",110000,356250,120000,362500,16000,10000,,0.625,0.625
"1600-56DZ.tif",110000,350000,120000,356250,16000,10000,,0.625,0.625
"1600-56EN.tif",120000,368750,130000,375000,16000,10000,,0.625,0.625
"1600-56EZ.tif",120000,362500,130000,368750,16000,10000,,0.625,0.625
"1600-56FN.tif",130000,368750,140000,375000,16000,10000,,0.625,0.625
"1600-56FZ.tif",130000,362500,140000,368750,16000,10000,,0.625,0.625
"1600-56GN.tif",120000,356250,130000,362500,16000,10000,,0.625,0.625
"1600-56GZ.tif",120000,350000,130000,356250,16000,10000,,0.625,0.625
"1600-56HN.tif",130000,356250,140000,362500,16000,10000,,0.625,0.625
"1600-56HZ.tif",130000,350000,140000,356250,16000,10000,,0.625,0.625
"1600-57AN.tif",140000,368750,150000,375000,16000,10000,,0.625,0.625
"1600-57AZ.tif",140000,362500,150000,368750,16000,10000,,0.625,0.625
"1600-57BN.tif",150000,368750,160000,375000,16000,10000,,0.625,0.625
"1600-57BZ.tif",150000,362500,160000,368750,16000,10000,,0.625,0.625
"1600-57CN.tif",140000,356250,150000,362500,16000,10000,,0.625,0.625
"1600-57CZ.tif",140000,350000,150000,356250,16000,10000,,0.625,0.625
"1600-57DN.tif",150000,356250,160000,362500,16000,10000,,0.625,0.625
"1600-57DZ.tif",150000,350000,160000,356250,16000,10000,,0.625,0.625
"1600-57EN.tif",160000,368750,170000,375000,16000,10000,,0.625,0.625
"1600-57EZ.tif",160000,362500,170000,368750,16000,10000,,0.625,0.625
"1600-57FN.tif",170000,368750,180000,375000,16000,10000,,0.625,0.625
"1600-57FZ.tif",170000,362500,180000,368750,16000,10000,,0.625,0.625
"1600-57GN.tif",160000,356250,170000,362500,16000,10000,,0.625,0.625
"1600-57GZ.tif",160000,350000,170000,356250,16000,10000,,0.625,0.625
"1600-57HN.tif",170000,356250,180000,362500,16000,10000,,0.625,0.625
"1600-57HZ.tif",170000,350000,180000,356250,16000,10000,,0.625,0.625
"1600-58AN.tif",180000,368750,190000,375000,16000,10000,,0.625,0.625
"1600-58AZ.tif",180000,362500,190000,368750,16000,10000,,0.625,0.625
"1600-58BN.tif",190000,368750,200000,375000,16000,10000,,0.625,0.625
"1600-58BZ.tif",190000,362500,200000,368750,16000,10000,,0.625,0.625
"1600-58CN.tif",180000,356250,190000,362500,16000,10000,,0.625,0.625
"1600-58CZ.tif",180000,350000,190000,356250,16000,10000,,0.625,0.625
"1600-58DN.tif",190000,356250,200000,362500,16000,10000,,0.625,0.625
"1600-58DZ.tif",190000,350000,200000,356250,16000,10000,,0.625,0.625
"1600-58EN.tif",200000,368750,210000,375000,16000,10000,,0.625,0.625
"1600-58EZ.tif",200000,362500,210000,368750,16000,10000,,0.625,0.625
"1600-58FN.tif",210000,368750,220000,375000,16000,10000,,0.625,0.625
"1600-58FZ.tif",210000,362500,220000,368750,16000,10000,,0.625,0.625
"1600-58GN.tif",200000,356250,210000,362500,16000,10000,,0.625,0.625
"1600-58GZ.tif",200000,350000,210000,356250,16000,10000,,0.625,0.625
"1600-58HN.tif",210000,356250,220000,362500,16000,10000,,0.625,0.625
"1600-58HZ.tif",210000,350000,220000,356250,16000,10000,,0.625,0.625
"1600-59AN.tif",220000,368750,230000,375000,16000,10000,,0.625,0.625
"1600-59AZ.tif",220000,362500,230000,368750,16000,10000,,0.625,0.625
"1600-59BN.tif",230000,368750,240000,375000,16000,10000,,0.625,0.625
"1600-59BZ.tif",230000,362500,240000,368750,16000,10000,,0.625,0.625
"1600-59CN.tif",220000,356250,230000,362500,16000,10000,,0.625,0.625
"1600-59CZ.tif",220000,350000,230000,356250,16000,10000,,0.625,0.625
"1600-59DN.tif",230000,356250,240000,362500,16000,10000,,0.625,0.625
"1600-59DZ.tif",230000,350000,240000,356250,16000,10000,,0.625,0.625
"1600-36EN.tif",40000,449750,50000,456000,16000,10000,,0.625,0.625
"1600-36EZ.tif",40000,443500,50000,449750,16000,10000,,0.625,0.625
"1600-36FN.tif",50000,449750,60000,456000,16000,10000,,0.625,0.625
"1600-36FZ.tif",50000,443500,60000,449750,16000,10000,,0.625,0.625
"1600-36GN.tif",40000,437250,50000,443500,16000,10000,,0.625,0.625
"1600-36GZ.tif",40000,431000,50000,437250,16000,10000,,0.625,0.625
"1600-36HN.tif",50000,437250,60000,443500,16000,10000,,0.625,0.625
"1600-36HZ.tif",50000,431000,60000,437250,16000,10000,,0.625,0.625
"1600-64AN.tif",20000,424750,30000,431000,16000,10000,,0.625,0.625
"1600-64AZ.tif",20000,418500,30000,424750,16000,10000,,0.625,0.625
"1600-64BN.tif",30000,424750,40000,431000,16000,10000,,0.625,0.625
"1600-64BZ.tif",30000,418500,40000,424750,16000,10000,,0.625,0.625
"1600-64CN.tif",20000,412250,30000,418500,16000,10000,,0.625,0.625
"1600-64CZ.tif",20000,406000,30000,412250,16000,10000,,0.625,0.625
"1600-64DN.tif",30000,412250,40000,418500,16000,10000,,0.625,0.625
"1600-64DZ.tif",30000,406000,40000,412250,16000,10000,,0.625,0.625
"1600-64EN.tif",40000,424750,50000,431000,16000,10000,,0.625,0.625
"1600-64EZ.tif",40000,418500,50000,424750,16000,10000,,0.625,0.625
"1600-64FN.tif",50000,424750,60000,431000,16000,10000,,0.625,0.625
"1600-64FZ.tif",50000,418500,60000,424750,16000,10000,,0.625,0.625
"1600-64GN.tif",40000,412250,50000,418500,16000,10000,,0.625,0.625
"1600-64GZ.tif",40000,406000,50000,412250,16000,10000,,0.625,0.625
"1600-64HN.tif",50000,412250,60000,418500,16000,10000,,0.625,0.625
"1600-64HZ.tif",50000,406000,60000,412250,16000,10000,,0.625,0.625
"1600-70FN.tif",10000,399750,20000,406000,16000,10000,,0.625,0.625
"1600-70FZ.tif",10000,393500,20000,399750,16000,10000,,0.625,0.625
"1600-70HN.tif",10000,387250,20000,393500,16000,10000,,0.625,0.625
"1600-70HZ.tif",10000,381000,20000,387250,16000,10000,,0.625,0.625
"1600-65AN.tif",20000,399750,30000,406000,16000,10000,,0.625,0.625
"1600-65AZ.tif",20000,393500,30000,399750,16000,10000,,0.625,0.625
"1600-65BN.tif",30000,399750,40000,406000,16000,10000,,0.625,0.625
"1600-65BZ.tif",30000,393500,40000,399750,16000,10000,,0.625,0.625
"1600-65CN.tif",20000,387250,30000,393500,16000,10000,,0.625,0.625
"1600-65CZ.tif",20000,381000,30000,387250,16000,10000,,0.625,0.625
"1600-65DN.tif",30000,387250,40000,393500,16000,10000,,0.625,0.625
"1600-65DZ.tif",30000,381000,40000,387250,16000,10000,,0.625,0.625
"1600-65EN.tif",40000,399750,50000,406000,16000,10000,,0.625,0.625
"1600-65EZ.tif",40000,393500,50000,399750,16000,10000,,0.625,0.625
"1600-65FN.tif",50000,399750,60000,406000,16000,10000,,0.625,0.625
"1600-65FZ.tif",50000,393500,60000,399750,16000,10000,,0.625,0.625
"1600-65GN.tif",40000,387250,50000,393500,16000,10000,,0.625,0.625
"1600-65GZ.tif",40000,381000,50000,387250,16000,10000,,0.625,0.625
"1600-65HN.tif",50000,387250,60000,393500,16000,10000,,0.625,0.625
"1600-65HZ.tif",50000,381000,60000,387250,16000,10000,,0.625,0.625
"1600-66FN.tif",10000,374750,20000,381000,16000,10000,,0.625,0.625
"1600-66FZ.tif",10000,368500,20000,374750,16000,10000,,0.625,0.625
"1600-66HN.tif",10000,362250,20000,368500,16000,10000,,0.625,0.625
"1600-66HZ.tif",10000,356000,20000,362250,16000,10000,,0.625,0.625
"1600-67AN.tif",20000,374750,30000,381000,16000,10000,,0.625,0.625
"1600-67AZ.tif",20000,368500,30000,374750,16000,10000,,0.625,0.625
"1600-67BN.tif",30000,374750,40000,381000,16000,10000,,0.625,0.625
"1600-67BZ.tif",30000,368500,40000,374750,16000,10000,,0.625,0.625
"1600-67CN.tif",20000,362250,30000,368500,16000,10000,,0.625,0.625
"1600-67CZ.tif",20000,356000,30000,362250,16000,10000,,0.625,0.625
"1600-67DN.tif",30000,362250,40000,368500,16000,10000,,0.625,0.625
"1600-67DZ.tif",30000,356000,40000,362250,16000,10000,,0.625,0.625
"1600-67EN.tif",40000,374750,50000,381000,16000,10000,,0.625,0.625
"1600-67EZ.tif",40000,368500,50000,374750,16000,10000,,0.625,0.625
"1600-67FN.tif",50000,374750,60000,381000,16000,10000,,0.625,0.625
"1600-67FZ.tif",50000,368500,60000,374750,16000,10000,,0.625,0.625
"1600-67GN.tif",40000,362250,50000,368500,16000,10000,,0.625,0.625
"1600-67GZ.tif",40000,356000,50000,362250,16000,10000,,0.625,0.625
"1600-67HN.tif",50000,362250,60000,368500,16000,10000,,0.625,0.625
"1600-67HZ.tif",50000,356000,60000,362250,16000,10000,,0.625,0.625
"1600-74EN.tif",150000,343750,160000,350000,16000,10000,,0.625,0.625
"1600-74EZ.tif",150000,337500,160000,343750,16000,10000,,0.625,0.625
"1600-74FN.tif",160000,343750,170000,350000,16000,10000,,0.625,0.625
"1600-74FZ.tif",160000,337500,170000,343750,16000,10000,,0.625,0.625
"1600-74GN.tif",150000,331250,160000,337500,16000,10000,,0.625,0.625
"1600-74GZ.tif",150000,325000,160000,331250,16000,10000,,0.625,0.625
"1600-74HN.tif",160000,331250,170000,337500,16000,10000,,0.625,0.625
"1600-74HZ.tif",160000,325000,170000,331250,16000,10000,,0.625,0.625
"1600-68AN.tif",170000,343750,180000,350000,16000,10000,,0.625,0.625
"1600-68AZ.tif",170000,337500,180000,343750,16000,10000,,0.625,0.625
"1600-68BN.tif",180000,343750,190000,350000,16000,10000,,0.625,0.625
"1600-68BZ.tif",180000,337500,190000,343750,16000,10000,,0.625,0.625
"1600-68CN.tif",170000,331250,180000,337500,16000,10000,,0.625,0.625
"1600-68CZ.tif",170000,325000,180000,331250,16000,10000,,0.625,0.625
"1600-68DN.tif",180000,331250,190000,337500,16000,10000,,0.625,0.625
"1600-68DZ.tif",180000,325000,190000,331250,16000,10000,,0.625,0.625
"1600-68EN.tif",190000,343750,200000,350000,16000,10000,,0.625,0.625
"1600-68EZ.tif",190000,337500,200000,343750,16000,10000,,0.625,0.625
"1600-68FN.tif",200000,343750,210000,350000,16000,10000,,0.625,0.625
"1600-68FZ.tif",200000,337500,210000,343750,16000,10000,,0.625,0.625
"1600-68GN.tif",190000,331250,200000,337500,16000,10000,,0.625,0.625
"1600-68GZ.tif",190000,325000,200000,331250,16000,10000,,0.625,0.625
"1600-68HN.tif",200000,331250,210000,337500,16000,10000,,0.625,0.625
"1600-68HZ.tif",200000,325000,210000,331250,16000,10000,,0.625,0.625
"1600-75AN.tif",210000,343750,220000,350000,16000,10000,,0.625,0.625
"1600-75AZ.tif",210000,337500,220000,343750,16000,10000,,0.625,0.625
"1600-75BN.tif",220000,343750,230000,350000,16000,10000,,0.625,0.625
"1600-75BZ.tif",220000,337500,230000,343750,16000,10000,,0.625,0.625
"1600-75CN.tif",210000,331250,220000,337500,16000,10000,,0.625,0.625
"1600-75CZ.tif",210000,325000,220000,331250,16000,10000,,0.625,0.625
"1600-75DN.tif",220000,331250,230000,337500,16000,10000,,0.625,0.625
"1600-75DZ.tif",220000,325000,230000,331250,16000,10000,,0.625,0.625
"1600-76EN.tif",150000,318750,160000,325000,16000,10000,,0.625,0.625
"1600-76EZ.tif",150000,312500,160000,318750,16000,10000,,0.625,0.625
"1600-76FN.tif",160000,318750,170000,325000,16000,10000,,0.625,0.625
"1600-76FZ.tif",160000,312500,170000,318750,16000,10000,,0.625,0.625
"1600-76GN.tif",150000,306250,160000,312500,16000,10000,,0.625,0.625
"1600-76GZ.tif",150000,300000,160000,306250,16000,10000,,0.625,0.625
"1600-76HN.tif",160000,306250,170000,312500,16000,10000,,0.625,0.625
"1600-76HZ.tif",160000,300000,170000,306250,16000,10000,,0.625,0.625
"1600-69AN.tif",170000,318750,180000,325000,16000,10000,,0.625,0.625
"1600-69AZ.tif",170000,312500,180000,318750,16000,10000,,0.625,0.625
"1600-69BN.tif",180000,318750,190000,325000,16000,10000,,0.625,0.625
"1600-69BZ.tif",180000,312500,190000,318750,16000,10000,,0.625,0.625
"1600-69CN.tif",170000,306250,180000,312500,16000,10000,,0.625,0.625
"1600-69CZ.tif",170000,300000,180000,306250,16000,10000,,0.625,0.625
"1600-69DN.tif",180000,306250,190000,312500,16000,10000,,0.625,0.625
"1600-69DZ.tif",180000,300000,190000,306250,16000,10000,,0.625,0.625
"1600-69EN.tif",190000,318750,200000,325000,16000,10000,,0.625,0.625
"1600-69EZ.tif",190000,312500,200000,318750,16000,10000,,0.625,0.625
"1600-69FN.tif",200000,318750,210000,325000,16000,10000,,0.625,0.625
"1600-69FZ.tif",200000,312500,210000,318750,16000,10000,,0.625,0.625
"1600-69GN.tif",190000,306250,200000,312500,16000,10000,,0.625,0.625
"1600-69GZ.tif",190000,300000,200000,306250,16000,10000,,0.625,0.625
"1600-69HN.tif",200000,306250,210000,312500,16000,10000,,0.625,0.625
"1600-69HZ.tif",200000,300000,210000,306250,16000,10000,,0.625,0.625
"1600-77AN.tif",210000,318750,220000,325000,16000,10000,,0.625,0.625
"1600-77AZ.tif",210000,312500,220000,318750,16000,10000,,0.625,0.625
"1600-77BN.tif",220000,318750,230000,325000,16000,10000,,0.625,0.625
"1600-77BZ.tif",220000,312500,230000,318750,16000,10000,,0.625,0.625
"1600-77CN.tif",210000,306250,220000,312500,16000,10000,,0.625,0.625
"1600-77CZ.tif",210000,300000,220000,306250,16000,10000,,0.625,0.625
"1600-77DN.tif",220000,306250,230000,312500,16000,10000,,0.625,0.625
"1600-77DZ.tif",220000,300000,230000,306250,16000,10000,,0.625,0.625
